order_id,date,time,order_type,branch_code,order_items,order_price,customer_lat,customer_lon,customerHasloyalty?,distance_to_customer_KM,delivery_fee
ORDK09401,2021-10-29,17:58:18,Dinner,BK,"[('Shrimp', 6), ('Pasta', 7), ('Fish&Chips', 9)]",831.5,-37.8017591,144.9632047,0,7.884,15.0086659
ORDI05882,2021-05-15,12:23:39,Lunch,NS,"[('Salad', 10), ('Burger', 9), ('Steak', 2), ('Fries', 7), ('Chicken', 9)]",913.0,-37.8139544,144.963645,0,7.971,15.625419
ORDI09409,2021-09-03,16:06:45,Dinner,NS,"[('Salmon', 7), ('Shrimp', 9), ('Fish&Chips', 1)]",808.0,-37.8001964,144.9338134,0,6.781,12.7839948
ORDY10677,2021-03-19,10:32:06,Breakfast,TP,"[('Coffee', 5), ('Pancake', 6), ('Eggs', 3), ('Cereal', 9)]",404.0,-37.8144937,144.9882813,0,9.754,12.3794669
ORDK08142,2021-12-18,19:39:43,Dinner,BK,"[('Fish&Chips', 7), ('Pasta', 2), ('Salmon', 1), ('Shrimp', 10)]",881.0,-37.8159842,144.9567194,0,8.338,
ORDX01758,2021-05-29,12:54:05,Lunch,BK,"[('Steak', 4), ('Burger', 4), ('Chicken', 8)]",560.0,-37.8211609,144.9672094,0,7.868,16.095813
ORDB08181,2021-04-22,11:32:57,Breakfast,TP,"[('Coffee', 7), ('Eggs', 7), ('Pancake', 1), ('Cereal', 6)]",327.75,-37.822033,144.968563,0,7.814,10.3605654
ORDZ02859,2021-07-15,14:25:21,Lunch,NS,"[('Burger', 7), ('Fries', 1), ('Steak', 2), ('Chicken', 8), ('Salad', 7)]",695.4,-37.817954,144.9897831,0,9.271,14.3695128
ORDZ05964,2021-04-10,11:12:40,Breakfast,NS,"[('Cereal', 1), ('Coffee', 8)]",64.0,-37.8244539,144.9451246,0,10.437,17.3327579
ORDA02705,2021-09-12,16:27:02,Dinner,BK,"[('Pasta', 1), ('Fish&Chips', 5), ('Salmon', 3), ('Shrimp', 1)]",379.5,-37.8068509,144.9746571,0,6.709,16.2885369
ORDJ05934,2021-11-29,18:59:09,Dinner,TP,"[('Shrimp', 8), ('Salmon', 7), ('Fish&Chips', 8), ('Pasta', 5)]",1136.5,-37.8069877,144.9452387,0,10.086,13.7711295
ORDJ04322,2021-10-07,17:17:44,Dinner,TP,"[('Pasta', 10), ('Fish&Chips', 1), ('Salmon', 3)]",433.0,-37.8238631,144.9816201,0,8.784,12.9670172
ORDK06481,2021-05-02,12:03:22,Lunch,BK,"[('Salad', 6), ('Fries', 10), ('Chicken', 5), ('Steak', 1), ('Burger', 3)]",521.2,-37.8260948,144.9580486,0,9.078,17.1779754
ORDC07939,2021-11-27,18:59:09,Dinner,NS,"[('Shrimp', 5), ('Fish&Chips', 8), ('Pasta', 3)]",632.5,-37.8176262,145.0055016,0,10.557,18.2065525
ORDB07206,2021-07-07,14:05:04,Lunch,TP,"[('Burger', 9), ('Fries', 7), ('Steak', 1), ('Chicken', 1), ('Salad', 6)]",543.2,-37.7994879,144.927509,0,11.96,15.1650399
ORDZ08182,2021-10-20,17:38:01,Dinner,,"[('Shrimp', 9), ('Pasta', 9)]",733.5,-37.8078958,144.9768239,0,7.365,
ORDC09871,2021-12-29,20:00:00,Dinner,NS,"[('Salmon', 10), ('Fish&Chips', 10), ('Pasta', 6)]",925.0,-37.8087762,145.0086454,0,10.345,16.124877
ORDI02762,2021-06-10,13:14:21,Lunch,NS,"[('Burger', 4), ('Salad', 2), ('Fries', 9)]",266.4,-37.8049521,144.9953579,0,8.697,14.1694394
ORDX01182,2021-02-22,09:41:24,Breakfast,BK,"[('Cereal', 1), ('Pancake', 8)]",198.0,-37.8009513,144.9523112,0,8.688,13.0189149
ORDX09599,2021-05-19,12:33:48,Lunch,,"[('Steak', 2), ('Fries', 3), ('Salad', 4), ('Chicken', 1)]",226.8,-37.8125778,144.948231,0,10.363,
ORDX01223,2021-11-07,18:18:35,Dinner,BK,"[('Shrimp', 10), ('Pasta', 4)]",650.0,-37.8188444,144.9531886,0,8.812,18.7695073
ORDX04435,2021-03-01,09:51:32,Breakfast,BK,"[('Cereal', 8), ('Pancake', 6)]",293.5,-37.8220957,144.9496964,0,9.097,14.1515624
ORDA10018,2021-10-17,17:38:01,Dinner,BK,"[('Salmon', 1), ('Fish&Chips', 7)]",286.0,-37.8099653,144.9953976,0,4.545,13.2028645
ORDK06650,2021-08-12,15:26:11,Lunch,BK,"[('Salad', 9), ('Steak', 10), ('Chicken', 10)]",924.8,-37.8058169,144.9812881,0,6.129,11.8154292
ORDZ04053,2021-11-28,18:59:09,Dinner,NS,"[('Salmon', 2), ('Fish&Chips', 4)]",222.0,-37.8137051,144.9988923,0,9.916,18.0366906
ORDZ05717,2021-11-10,18:18:35,Dinner,NS,"[('Pasta', 10), ('Salmon', 8)]",603.0,-37.803321,144.9498863,0,8.353,14.4241167
ORDA02986,2021-06-04,13:04:13,Lunch,BK,"[('Salad', 10), ('Chicken', 3), ('Fries', 10)]",388.0,-37.8156799,144.9382827,0,9.958,15.7240737
ORDB07604,2021-01-09,08:10:08,Breakfast,TP,"[('Eggs', 5), ('Coffee', 9)]",154.5,-37.8201612,144.9817985,1,9.081,6.3952466
ORDX06407,2021-02-11,09:21:07,Breakfast,BK,"[('Pancake', 7), ('Coffee', 2), ('Cereal', 5), ('Eggs', 2)]",308.75,-37.8179658,145.0131559,0,4.165,8.5279839
ORDA09293,2021-11-30,18:59:09,Dinner,BK,"[('Shrimp', 10), ('Pasta', 9), ('Fish&Chips', 1)]",822.5,-37.8185803,144.9714402,0,7.4,14.0561011
ORDC01317,2021-08-19,15:36:20,Lunch,NS,"[('Fries', 5), ('Steak', 9), ('Salad', 4), ('Chicken', 3)]",629.8,-37.8096789,144.9553677,0,8.128,
ORDY01486,2021-10-02,17:07:36,Dinner,TP,"[('Pasta', 2), ('Shrimp', 9), ('Fish&Chips', 3)]",646.0,-37.8101226,144.947491,0,9.608,15.5004907
ORDY02739,2021-09-08,16:16:54,Dinner,TP,"[('Salmon', 1), ('Pasta', 5)]",178.5,-37.8032712,144.962833,0,9.423,
ORDC07501,2021-06-22,13:44:47,Lunch,NS,"[('Fries', 3), ('Steak', 4), ('Chicken', 9)]",504.0,-37.8047494,144.949398,0,8.439,13.8423606
ORDZ02580,2021-04-04,11:02:32,Breakfast,NS,"[('Pancake', 3), ('Cereal', 1), ('Eggs', 1)]",107.75,-37.8240925,144.9352979,0,10.947,17.8080718
ORDY05996,2021-07-19,14:35:29,Lunch,TP,"[('Steak', 8), ('Fries', 9)]",468.0,-37.8183502,145.0038524,0,10.992,
ORDK06124,2021-06-26,13:44:47,Lunch,BK,"[('Burger', 7), ('Salad', 6), ('Steak', 6), ('Chicken', 1)]",622.2,-37.8224777,145.015647,0,4.667,12.7123432
ORDC08915,2021-07-04,14:05:04,Lunch,,"[('Steak', 1), ('Burger', 6), ('Chicken', 5), ('Salad', 6)]",494.2,-37.8006892,144.9943213,0,8.546,
ORDZ02477,2021-10-16,17:27:53,Dinner,NS,"[('Salmon', 5), ('Shrimp', 7), ('Fish&Chips', 5)]",758.0,-37.7990863,144.9951027,0,8.611,16.5117946
ORDA09177,2021-03-15,10:21:58,Breakfast,BK,"[('Eggs', 4), ('Pancake', 10), ('Cereal', 1), ('Coffee', 9)]",376.0,-37.7993917,144.9482026,0,9.19,13.5607306
ORDC04088,2021-10-24,17:48:10,Dinner,NS,"[('Shrimp', 1), ('Pasta', 5)]",191.5,-37.8126689,145.0002816,0,9.683,18.6045471
ORDB04660,2021-12-24,19:49:51,Dinner,TP,"[('Shrimp', 8), ('Pasta', 2), ('Fish&Chips', 6)]",697.0,-37.8149478,144.9608489,0,8.221,12.522993
ORDY04676,2021-02-15,09:21:07,Breakfast,TP,"[('Pancake', 3), ('Coffee', 5), ('Eggs', 10)]",304.25,-37.8092193,144.9524607,0,9.145,11.6584927
ORDB03011,2021-10-22,17:48:10,Dinner,TP,"[('Pasta', 2), ('Shrimp', 10), ('Fish&Chips', 4), ('Salmon', 5)]",940.0,-37.8165505,145.0093423,0,11.662,
ORDX10752,2021-09-09,16:16:54,Dinner,,"[('Pasta', 2), ('Fish&Chips', 5)]",230.0,-37.8230351,144.9787009,0,7.126,
ORDI00903,2021-07-04,14:05:04,Lunch,NS,"[('Burger', 3), ('Steak', 1)]",138.0,-37.7966811,144.9511648,0,7.979,
ORDK00312,2021-03-29,10:52:23,Breakfast,BK,"[('Pancake', 8), ('Cereal', 2)]",218.0,-37.819452,145.0037269,0,4.588,9.5671053
ORDA08999,2021-05-14,12:23:39,Lunch,,"[('Fries', 10), ('Chicken', 8)]",376.0,-37.8143577,144.955229,0,8.335,
ORDB10912,2021-07-10,14:15:12,Lunch,TP,"[('Chicken', 4), ('Steak', 3), ('Salad', 8), ('Burger', 8), ('Fries', 8)]",744.6,-37.8160229,144.9383031,0,10.354,15.1562621
ORDC00977,2021-11-03,18:08:27,Dinner,NS,"[('Fish&Chips', 9), ('Pasta', 10), ('Salmon', 8), ('Shrimp', 6)]",1242.0,-37.8091669,144.9485268,0,8.822,15.1369876
ORDA04422,2021-09-30,16:57:27,Dinner,,"[('Salmon', 7), ('Pasta', 5)]",424.5,-37.8092392,144.9503235,0,8.81,
ORDJ09154,2021-01-14,08:20:16,Breakfast,,"[('Pancake', 6), ('Cereal', 9), ('Coffee', 4)]",335.5,-37.8228754,144.9765218,1,8.163,
ORDZ08037,2021-02-20,09:31:16,Breakfast,NS,"[('Pancake', 10), ('Coffee', 9), ('Eggs', 9), ('Cereal', 1)]",481.0,-37.8022175,144.9507993,0,8.069,14.6864945
ORDC10288,2021-02-25,09:51:32,Breakfast,NS,"[('Eggs', 3), ('Cereal', 1), ('Pancake', 8)]",261.0,-37.8187208,144.967189,0,8.522,13.4400416
ORDX07003,2021-07-13,14:25:21,Lunch,BK,"[('Chicken', 2), ('Salad', 6)]",167.2,-37.8111455,144.99662,0,4.515,10.3203759
ORDJ07052,2021-07-07,14:15:12,Lunch,TP,"[('Burger', 8), ('Fries', 9), ('Salad', 8), ('Steak', 9), ('Chicken', 5)]",1058.6,-37.8180479,144.9486133,0,9.057,12.4222938
ORDC05050,2021-11-01,18:08:27,Dinner,NS,"[('Fish&Chips', 10), ('Pasta', 7), ('Salmon', 7)]",829.5,-37.817582,144.9590952,0,8.716,14.850019
ORDJ09680,2021-09-26,16:47:19,Dinner,TP,"[('Salmon', 2), ('Pasta', 1), ('Shrimp', 10), ('Fish&Chips', 2)]",719.5,-37.7990342,144.9879242,0,11.067,
ORDA01456,2021-03-28,10:52:23,Breakfast,BK,"[('Eggs', 6), ('Pancake', 5)]",237.25,-37.8129456,144.939304,0,9.783,17.2385214
ORDJ04114,2021-11-15,18:28:43,Dinner,TP,"[('Pasta', 6), ('Salmon', 5), ('Shrimp', 5), ('Fish&Chips', 6)]",850.0,-37.8064471,144.9325031,0,10.961,15.0634697
ORDK02347,2021-04-16,11:22:49,Breakfast,BK,"[('Coffee', 8), ('Pancake', 4)]",133.0,-37.8263373,144.9956165,0,7.133,12.6202141
ORDK01552,2021-05-12,12:13:31,Lunch,BK,"[('Fries', 1), ('Burger', 1), ('Steak', 10), ('Salad', 9)]",647.8,-37.8185254,144.9652954,0,7.664,13.4523918
ORDJ04087,2021-11-04,18:08:27,Dinner,TP,"[('Pasta', 7), ('Shrimp', 6), ('Salmon', 3), ('Fish&Chips', 9)]",954.5,-37.8189654,144.9527795,0,8.581,12.9601451
ORDY10816,2021-03-11,10:11:49,Breakfast,TP,"[('Eggs', 2), ('Pancake', 5)]",153.25,-37.8157534,145.0032195,0,11.12,13.3874644
ORDI06094,2021-12-07,19:19:26,Dinner,NS,"[('Fish&Chips', 8), ('Shrimp', 8), ('Pasta', 8), ('Salmon', 1)]",973.0,-37.8101963,144.9697917,0,7.189,13.5555047
ORDC05416,2021-12-06,19:09:17,Dinner,NS,"[('Fish&Chips', 8), ('Shrimp', 2)]",388.0,-37.8152875,144.9522542,0,8.786,14.322178
ORDY07885,2021-08-27,15:56:37,Lunch,TP,"[('Steak', 1), ('Chicken', 2), ('Burger', 3)]",202.0,-37.8126386,144.9735827,0,8.7,12.0133316
ORDK03098,2021-08-15,15:26:11,Lunch,BK,"[('Salad', 6), ('Chicken', 6), ('Steak', 10), ('Fries', 1), ('Burger', 9)]",1036.2,-37.8163506,144.9556104,0,8.444,16.5886642
ORDA00152,2021-05-26,12:43:56,Lunch,BK,"[('Steak', 9), ('Burger', 4), ('Chicken', 5)]",689.0,-37.8106148,144.9830645,0,5.753,11.6257676
ORDX08691,2021-05-27,12:43:56,Lunch,BK,"[('Steak', 7), ('Burger', 6), ('Fries', 8), ('Chicken', 4), ('Salad', 6)]",828.2,-37.8153496,144.9721728,0,7.007,12.5733609
ORDA07771,2021-06-02,12:54:05,Lunch,,"[('Chicken', 6), ('Steak', 10)]",642.0,-37.8101317,144.957781,0,8.029,
ORDY09205,2021-03-09,10:11:49,Breakfast,TP,"[('Cereal', 9), ('Eggs', 8), ('Coffee', 6)]",381.0,-37.8075831,145.0003194,0,11.357,13.529609
ORDJ08981,2021-08-10,15:16:03,Lunch,TP,"[('Salad', 2), ('Steak', 6)]",304.4,-37.8004023,144.9518424,0,10.004,13.1615477
ORDB03194,2021-10-14,17:27:53,Dinner,,"[('Salmon', 8), ('Shrimp', 6)]",652.0,-37.8074398,144.9705945,0,9.28,
ORDA03327,2021-05-06,12:03:22,Lunch,BK,"[('Chicken', 8), ('Steak', 7)]",571.0,-37.8094366,144.9727668,0,6.68,12.5907425
ORDZ10935,2021-09-25,16:47:19,Dinner,NS,"[('Shrimp', 9), ('Salmon', 7), ('Fish&Chips', 9), ('Pasta', 7)]",1280.5,-37.800831,144.9285143,0,12.547,20.8529952
ORDI05444,2021-07-08,14:15:12,Lunch,NS,"[('Fries', 6), ('Salad', 1)]",89.2,-37.8140484,144.9379666,0,10.096,15.5665925
ORDZ00242,2021-07-18,14:35:29,Lunch,NS,"[('Steak', 8), ('Burger', 8), ('Chicken', 8), ('Fries', 5), ('Salad', 8)]",1061.6,-37.8167278,145.0089773,0,10.767,
ORDK05207,2021-05-01,11:53:14,Breakfast,BK,"[('Coffee', 3), ('Cereal', 10), ('Pancake', 3), ('Eggs', 1)]",304.25,-37.8077414,144.9397185,0,10.029,17.6263051
ORDZ05074,2021-08-31,15:56:37,Lunch,,"[('Salad', 1), ('Burger', 1), ('Fries', 5), ('Steak', 1)]",153.2,-37.8095885,144.9637351,0,7.418,
ORDB01160,2021-09-10,16:16:54,Dinner,TP,"[('Shrimp', 8), ('Salmon', 1), ('Fish&Chips', 10)]",823.0,-37.8040123,144.9692993,0,9.55,13.4406545
ORDA06122,2021-02-02,09:00:50,Breakfast,BK,"[('Eggs', 3), ('Cereal', 10)]",263.0,-37.8133109,144.9885036,0,5.411,10.3174296
ORDZ04908,2021-01-24,08:40:33,Breakfast,NS,"[('Pancake', 1), ('Eggs', 8), ('Cereal', 4)]",270.25,-37.8141341,144.9673044,0,7.859,
ORDK02799,2021-09-01,15:56:37,Lunch,BK,"[('Burger', 7), ('Steak', 8), ('Salad', 3), ('Fries', 1)]",640.6,-37.8154692,144.9664975,0,7.528,13.822068
ORDY06583,2021-02-04,09:00:50,Breakfast,TP,"[('Cereal', 8), ('Pancake', 6), ('Coffee', 8)]",337.5,-37.8150674,144.9735379,0,8.398,11.2066742
ORDY00468,2021-05-18,12:33:48,Lunch,TP,"[('Chicken', 7), ('Salad', 5), ('Steak', 4), ('Burger', 2), ('Fries', 5)]",612.0,-37.8144465,144.9619518,0,8.136,12.3977715
ORDB10989,2021-06-19,13:34:38,Lunch,TP,"[('Chicken', 3), ('Steak', 4), ('Fries', 7)]",360.0,-37.8060776,144.9583012,0,9.08,14.1756096
ORDA09681,2021-09-21,16:37:10,Dinner,BK,"[('Pasta', 8), ('Salmon', 7), ('Shrimp', 8), ('Fish&Chips', 7)]",1184.0,-37.8137277,145.0120163,0,3.809,9.9918699
ORDI06905,2021-12-03,19:09:17,Dinner,,"[('Pasta', 7), ('Shrimp', 7), ('Fish&Chips', 6), ('Salmon', 8)]",1108.5,-37.8214517,144.9340962,0,10.697,
ORDI10014,2021-03-17,10:21:58,Breakfast,NS,"[('Coffee', 1), ('Pancake', 4), ('Cereal', 1)]",114.5,-37.7992351,144.9718408,0,6.32,11.0978354
ORDB00463,2021-09-22,16:47:19,Dinner,TP,"[('Shrimp', 9), ('Pasta', 7), ('Salmon', 3)]",801.5,-37.8140453,144.9900188,0,10.033,14.1905823
ORDJ09793,2021-06-16,13:24:30,Lunch,TP,"[('Salad', 8), ('Fries', 1)]",149.6,-37.8087203,144.9731349,0,9.157,12.3422122
ORDI09570,2021-10-17,17:38:01,Dinner,NS,"[('Fish&Chips', 2), ('Salmon', 6), ('Shrimp', 3)]",478.0,-37.8100447,144.995853,0,9.059,16.6947135
ORDX05232,2021-12-02,19:09:17,Dinner,BK,"[('Fish&Chips', 4), ('Shrimp', 10)]",680.0,-37.8197324,144.9453164,0,9.556,16.2691531
ORDX08696,2021-12-06,19:09:17,Dinner,BK,"[('Fish&Chips', 8), ('Salmon', 3)]",403.0,-37.8131494,144.9512706,0,8.572,15.860993
ORDI06594,2021-07-28,14:55:46,Lunch,NS,"[('Salad', 2), ('Steak', 9)]",439.4,-37.8040912,144.9634073,0,7.041,12.7918411
ORDA09779,2021-06-29,13:54:55,Lunch,BK,"[('Chicken', 5), ('Salad', 4), ('Steak', 6), ('Fries', 10), ('Burger', 8)]",866.8,-37.8209034,144.9480676,0,9.272,14.655621
ORDZ05547,2021-03-07,10:01:41,Breakfast,NS,"[('Eggs', 10), ('Coffee', 4)]",232.0,-37.8074932,144.9680408,0,6.977,13.7398017
ORDZ01000,2021-12-11,19:29:34,Dinner,NS,"[('Shrimp', 8), ('Salmon', 6), ('Fish&Chips', 10), ('Pasta', 10)]",1303.0,-37.8101116,144.9621865,0,7.573,15.3465772
ORDX04296,2021-06-06,13:04:13,Lunch,BK,"[('Salad', 4), ('Steak', 5), ('Fries', 10), ('Chicken', 2), ('Burger', 10)]",787.8,-37.8070286,144.9590202,0,7.834,16.2720858
ORDI00498,2021-10-31,17:58:18,Dinner,NS,"[('Pasta', 5), ('Shrimp', 2)]",245.5,-37.8064794,144.9558966,0,8.016,15.9702954
ORDK08073,2021-08-13,15:26:11,Lunch,BK,"[('Chicken', 5), ('Steak', 2)]",250.0,-37.8142638,144.9473164,0,8.946,14.5316591
ORDY09416,2021-05-01,11:53:14,Breakfast,TP,"[('Cereal', 10), ('Coffee', 3), ('Eggs', 7)]",363.5,-37.8068301,144.9378108,0,10.47,14.5134059
ORDK02884,2021-10-06,17:17:44,Dinner,BK,"[('Salmon', 8), ('Pasta', 9), ('Shrimp', 2), ('Fish&Chips', 10)]",1033.5,-37.8238393,144.9812543,0,6.987,13.5820878
ORDY06299,2021-10-19,17:38:01,Dinner,TP,"[('Shrimp', 8), ('Pasta', 1), ('Salmon', 7), ('Fish&Chips', 5)]",921.5,-37.8048342,144.9669201,0,9.39,
ORDJ05251,2021-02-15,09:21:07,Breakfast,TP,"[('Pancake', 9), ('Eggs', 5)]",305.25,-37.8218555,144.9603868,0,7.593,10.7126904
ORDC06141,2021-10-22,17:48:10,Dinner,NS,"[('Salmon', 7), ('Shrimp', 6), ('Fish&Chips', 6)]",821.0,-37.8062807,144.982408,0,7.581,14.0253182
ORDC03459,2021-03-23,10:32:06,Breakfast,NS,"[('Eggs', 8), ('Cereal', 8)]",328.0,-37.8057285,144.9453478,0,8.883,13.3477381
ORDJ06295,2021-01-10,08:10:08,Breakfast,TP,"[('Eggs', 4), ('Pancake', 4)]",173.0,-37.8183988,144.9787977,1,9.158,6.9008863
ORDI04459,2021-03-29,10:52:23,Breakfast,NS,"[('Pancake', 2), ('Cereal', 2), ('Coffee', 7), ('Eggs', 5)]",228.0,-37.821301,145.0033795,0,10.679,15.3727751
ORDC05737,2021-11-19,18:38:52,Dinner,NS,"[('Fish&Chips', 6), ('Shrimp', 5), ('Salmon', 4), ('Pasta', 2)]",699.0,-37.7985199,144.9615174,0,7.085,13.0705247
ORDX08337,2021-01-02,08:00:00,Breakfast,BK,"[('Pancake', 1), ('Cereal', 7)]",162.25,-37.8005661,144.9765117,1,7.105,
ORDZ11082,2021-12-24,19:49:51,Dinner,NS,"[('Salmon', 5), ('Shrimp', 5), ('Pasta', 6), ('Fish&Chips', 3)]",745.0,-37.8169947,144.9614569,0,8.527,14.2937357
ORDY08909,2021-11-20,18:38:52,Dinner,TP,"[('Pasta', 8), ('Salmon', 4)]",384.0,-37.8224885,144.9400214,0,9.542,14.8662447
ORDI10328,2021-10-28,17:58:18,Dinner,NS,"[('Fish&Chips', 1), ('Shrimp', 2), ('Salmon', 3)]",266.0,-37.8026277,144.9632863,0,6.982,12.7449821
ORDI06515,2021-01-14,08:20:16,Breakfast,NS,"[('Pancake', 4), ('Coffee', 2), ('Eggs', 7)]",247.0,-37.8263028,144.9798403,1,9.446,6.8708304
ORDX04587,2021-06-28,13:54:55,Lunch,,"[('Chicken', 1), ('Burger', 7), ('Steak', 10), ('Fries', 8)]",795.0,-37.8196958,144.9468973,0,9.468,
ORDK06528,2021-11-14,18:28:43,Dinner,BK,"[('Fish&Chips', 9), ('Salmon', 9), ('Pasta', 8), ('Shrimp', 1)]",958.0,-37.8113128,144.9299071,0,11.432,20.923286
ORDX01128,2021-12-26,20:00:00,Dinner,BK,"[('Fish&Chips', 3), ('Pasta', 8), ('Salmon', 1)]",366.0,-37.8149572,144.9327763,0,10.963,20.4066852
ORDJ04608,2021-04-27,11:53:14,Breakfast,,"[('Coffee', 3), ('Eggs', 5)]",121.5,-37.8035614,144.9181009,0,12.287,
ORDC09138,2021-03-04,10:01:41,Breakfast,NS,"[('Pancake', 4), ('Cereal', 3), ('Coffee', 9), ('Eggs', 6)]",324.5,-37.8045049,145.002706,0,9.763,14.6186282
ORDX01231,2021-04-21,11:32:57,Breakfast,BK,"[('Cereal', 8), ('Eggs', 2)]",202.0,-37.822232,144.9559424,0,8.63,13.8954712
ORDZ02248,2021-06-25,13:44:47,Lunch,NS,"[('Fries', 6), ('Burger', 6), ('Salad', 9), ('Chicken', 5)]",572.8,-37.8019758,144.9577135,0,7.428,13.2406938
ORDY00474,2021-08-09,15:16:03,Lunch,TP,"[('Burger', 1), ('Salad', 3), ('Fries', 5), ('Chicken', 5), ('Steak', 4)]",482.6,-37.81352,144.9685284,0,8.353,11.7644281
ORDC06352,2021-07-16,14:25:21,Lunch,NS,"[('Burger', 9), ('Chicken', 2)]",343.0,-37.8131757,144.9739629,0,7.658,
ORDI04243,2021-02-17,09:31:16,Breakfast,NS,"[('Coffee', 4), ('Cereal', 6), ('Eggs', 7), ('Pancake', 1)]",311.25,-37.8209749,144.957758,0,9.265,15.0148738
ORDB00194,2021-06-30,13:54:55,Lunch,TP,"[('Burger', 7), ('Salad', 2)]",251.4,-37.8209271,144.9475738,0,8.973,12.6323816
ORDA01754,2021-04-27,11:43:05,Breakfast,BK,"[('Pancake', 2), ('Coffee', 1)]",50.0,-37.8019203,144.9343176,0,10.593,15.0526312
ORDJ08773,2021-11-15,18:28:43,Dinner,TP,"[('Shrimp', 5), ('Pasta', 8), ('Salmon', 3)]",613.0,-37.8255049,144.9289157,0,16.698,
ORDI02652,2021-10-18,17:38:01,Dinner,NS,"[('Shrimp', 7), ('Pasta', 3), ('Fish&Chips', 4), ('Salmon', 3)]",723.5,-37.8256605,144.9979241,0,10.378,
ORDA01337,2021-08-30,15:56:37,Lunch,BK,"[('Chicken', 3), ('Steak', 1), ('Fries', 8)]",237.0,-37.7999398,144.9631958,0,8.091,14.231621
ORDA10354,2021-08-18,15:36:20,Lunch,BK,"[('Steak', 3), ('Chicken', 2)]",199.0,-37.8148797,144.9662658,0,7.565,13.4769852
ORDK07822,2021-08-15,15:26:11,Lunch,BK,"[('Fries', 1), ('Chicken', 9)]",300.0,-37.8037236,145.010641,0,4.17,12.2640704
ORDA10812,2021-03-14,10:21:58,Breakfast,BK,"[('Cereal', 7), ('Coffee', 2), ('Pancake', 5), ('Eggs', 5)]",367.25,-37.8015259,144.9772921,0,6.924,14.0956141
ORDK00109,2021-12-12,19:29:34,Dinner,BK,"[('Fish&Chips', 1), ('Pasta', 7), ('Shrimp', 10)]",767.5,-37.8102167,144.9612965,0,7.628,16.8259214
ORDI03600,2021-12-01,19:09:17,Dinner,NS,"[('Pasta', 8), ('Fish&Chips', 5), ('Salmon', 5)]",600.0,-37.8135696,144.9912567,0,9.145,15.3580791
ORDZ07883,2021-05-02,11:53:14,Breakfast,NS,"[('Coffee', 6), ('Cereal', 7)]",173.0,-37.814971,144.9751389,0,7.899,15.0330179
ORDZ01650,2021-07-14,14:25:21,Lunch,NS,"[('Burger', 4), ('Fries', 8), ('Steak', 5), ('Salad', 4)]",513.8,-37.816397,144.9839588,0,8.691,14.3840238
ORDK03075,2021-08-01,15:05:54,Lunch,,"[('Fries', 4), ('Burger', 9)]",327.0,-37.8100727,144.9762159,0,6.581,
ORDA09599,2021-10-07,17:17:44,Dinner,BK,"[('Fish&Chips', 6), ('Pasta', 7)]",402.5,-37.8180877,144.9668866,0,7.518,13.6919231
ORDK00478,2021-01-27,08:50:42,Breakfast,,"[('Eggs', 4), ('Pancake', 2)]",128.5,-37.8106352,145.0101566,0,3.93,
ORDA01426,2021-01-25,08:40:33,Breakfast,BK,"[('Pancake', 4), ('Eggs', 2), ('Cereal', 6)]",251.0,-37.8044469,144.9166318,0,11.714,16.8571314
ORDK01029,2021-08-22,15:46:28,Lunch,BK,"[('Steak', 9), ('Burger', 8)]",653.0,-37.8225056,144.9556357,0,8.687,17.9127366
ORDX02028,2021-04-13,11:22:49,Breakfast,BK,"[('Pancake', 9), ('Coffee', 5), ('Cereal', 9), ('Eggs', 9)]",596.75,-37.8197639,144.9814256,0,6.589,
ORDK07052,2021-07-13,14:25:21,Lunch,BK,"[('Steak', 6), ('Burger', 4), ('Fries', 3)]",430.0,-37.8028178,144.992404,0,5.537,11.0009052
ORDZ07252,2021-06-05,13:04:13,Lunch,NS,"[('Steak', 10), ('Salad', 9), ('Fries', 8), ('Chicken', 1), ('Burger', 5)]",887.8,-37.8066644,144.9571479,0,8.194,15.9405751
ORDB09753,2021-07-27,14:45:38,Lunch,TP,"[('Steak', 2), ('Chicken', 8), ('Salad', 2)]",380.4,-37.8010594,144.9637848,0,9.634,12.4123606
ORDA06799,2021-11-14,18:28:43,Dinner,BK,"[('Fish&Chips', 3), ('Shrimp', 9), ('Salmon', 10)]",1001.0,-37.8104078,144.9272887,0,11.259,20.8552288
ORDC09604,2021-03-08,10:11:49,Breakfast,NS,"[('Pancake', 6), ('Eggs', 10), ('Coffee', 5)]",371.0,-37.7992985,144.9701036,0,6.245,11.0910895
ORDB01996,2021-12-31,20:00:00,Dinner,TP,"[('Pasta', 3), ('Fish&Chips', 8), ('Shrimp', 6), ('Salmon', 10)]",1096.5,-37.8233277,144.9780786,0,8.26,12.4077412
ORDI08657,2021-04-02,11:02:32,Breakfast,,"[('Coffee', 9), ('Cereal', 9)]",229.5,-37.8051976,144.9944969,0,8.587,
ORDZ10285,2021-06-12,13:24:30,Lunch,NS,"[('Salad', 8), ('Chicken', 2), ('Burger', 5)]",356.6,-37.8242064,144.9840935,0,9.503,17.4829505
ORDY05526,2021-06-18,13:34:38,Lunch,TP,"[('Fries', 8), ('Chicken', 9), ('Burger', 7)]",601.0,-37.8008493,144.9700932,0,9.919,12.8739576
ORDA09713,2021-02-24,09:41:24,Breakfast,BK,"[('Coffee', 2), ('Cereal', 3), ('Pancake', 7)]",226.75,-37.80942,144.9518797,0,8.533,13.3594394
ORDC10152,2021-01-03,08:00:00,Breakfast,NS,"[('Eggs', 3), ('Coffee', 2), ('Pancake', 1)]",96.25,-37.8202219,145.0144621,1,11.421,
ORDX03138,2021-04-29,11:53:14,Breakfast,BK,"[('Coffee', 9), ('Pancake', 6), ('Eggs', 10), ('Cereal', 3)]",453.0,-37.8052229,144.9324237,0,10.311,
ORDC10005,2021-08-25,15:46:28,Lunch,NS,"[('Steak', 2), ('Salad', 1), ('Burger', 2), ('Chicken', 9), ('Fries', 1)]",469.2,-37.811544,144.9563109,0,8.128,14.044262
ORDA09828,2021-07-09,14:15:12,Lunch,BK,"[('Fries', 6), ('Steak', 2), ('Chicken', 10), ('Burger', 10)]",792.0,-37.8131872,144.9399364,0,9.736,15.9199453
ORDY04874,2021-08-20,15:36:20,Lunch,TP,"[('Chicken', 1), ('Steak', 1), ('Fries', 2), ('Salad', 6)]",204.2,-37.8209341,144.9613851,0,7.464,10.4203735
ORDY03027,2021-12-14,19:29:34,Dinner,,"[('Pasta', 1), ('Fish&Chips', 8)]",307.5,-37.8146708,144.9691308,0,8.222,
ORDB10302,2021-03-30,10:52:23,Breakfast,TP,"[('Coffee', 1), ('Cereal', 3), ('Eggs', 6), ('Pancake', 4)]",280.5,-37.7998806,144.9729288,0,10.177,
ORDI09362,2021-08-16,15:26:11,Lunch,NS,"[('Salad', 8), ('Fries', 8), ('Burger', 3)]",326.6,-37.8082148,144.9687138,0,6.96,11.7502209
ORDC06505,2021-09-25,16:47:19,Dinner,NS,"[('Salmon', 5), ('Fish&Chips', 5), ('Shrimp', 5), ('Pasta', 9)]",897.5,-37.8084651,144.9558133,0,8.055,15.5276513
ORDI09710,2021-04-18,11:32:57,Breakfast,NS,"[('Cereal', 9), ('Coffee', 2), ('Pancake', 1), ('Eggs', 6)]",339.25,-37.8200353,144.9802538,0,9.589,
ORDZ06891,2021-02-13,09:21:07,Breakfast,NS,"[('Coffee', 5), ('Eggs', 8), ('Pancake', 3)]",262.25,-37.8088093,144.9713629,0,7.139,13.4882763
ORDX00915,2021-02-27,09:51:32,Breakfast,BK,"[('Pancake', 1), ('Coffee', 1), ('Cereal', 8), ('Eggs', 10)]",397.75,-37.8112753,144.9471699,0,8.999,16.2425972
ORDC09775,2021-02-18,09:31:16,Breakfast,NS,"[('Cereal', 5), ('Pancake', 9), ('Coffee', 5)]",327.75,-37.8278943,144.9502257,0,10.351,15.2953811
ORDC05657,2021-12-15,19:29:34,Dinner,NS,"[('Shrimp', 7), ('Salmon', 5)]",583.0,-37.8138978,144.9715646,0,7.641,13.2778823
ORDY06861,2021-12-08,19:19:26,Dinner,TP,"[('Fish&Chips', 6), ('Pasta', 3)]",292.5,-37.8177636,144.9659853,0,7.635,11.8210596
ORDX07948,2021-03-24,10:42:15,Breakfast,BK,"[('Eggs', 4), ('Coffee', 9)]",133.5,-37.8025386,144.952631,0,8.561,13.4837663
ORDY00572,2021-10-28,17:58:18,Dinner,,"[('Salmon', 8), ('Fish&Chips', 5), ('Pasta', 8), ('Shrimp', 9)]",1209.0,-37.8022153,144.9633568,0,9.517,
ORDK00162,2021-07-20,14:35:29,Lunch,BK,"[('Chicken', 3), ('Fries', 2)]",120.0,-37.8188972,145.0023333,0,4.674,10.8250267
ORDI08266,2021-05-17,12:23:39,Lunch,NS,"[('Fries', 3), ('Steak', 2), ('Chicken', 9), ('Burger', 2)]",476.0,-37.8159365,144.9637489,0,8.341,13.8056572
ORDZ09059,2021-05-14,12:23:39,Lunch,NS,"[('Burger', 7), ('Salad', 6), ('Fries', 2), ('Chicken', 8), ('Steak', 1)]",645.2,-37.8129046,144.9658639,0,7.791,13.0934716
ORDK02991,2021-12-09,19:19:26,Dinner,BK,"[('Shrimp', 6), ('Fish&Chips', 10)]",674.0,-37.8134705,144.9657344,0,7.483,14.4050632
ORDK04068,2021-04-01,10:52:23,Breakfast,BK,"[('Cereal', 9), ('Coffee', 4)]",202.0,-37.8003751,144.9699201,0,7.545,11.9204159
ORDX04502,2021-12-30,20:00:00,Dinner,BK,"[('Fish&Chips', 6), ('Pasta', 1), ('Shrimp', 5)]",507.5,-37.8247368,144.9691292,0,8.186,
ORDJ02770,2021-07-20,14:35:29,Lunch,,"[('Fries', 1), ('Steak', 3), ('Chicken', 6)]",339.0,-37.8191748,145.0056901,0,11.097,
ORDJ07842,2021-10-31,17:58:18,Dinner,TP,"[('Pasta', 7), ('Salmon', 1), ('Shrimp', 8), ('Fish&Chips', 8)]",945.5,-37.8216135,144.9613542,0,7.465,13.6179448
ORDC02169,2021-10-05,17:07:36,Dinner,NS,"[('Salmon', 3), ('Pasta', 1), ('Fish&Chips', 1)]",185.5,-37.8055534,144.9296537,0,10.418,16.2385336
ORDK09322,2021-04-02,11:02:32,Breakfast,BK,"[('Coffee', 6), ('Cereal', 10), ('Eggs', 9), ('Pancake', 1)]",444.25,-37.8041811,144.954451,0,8.333,13.5182334
ORDC05602,2021-07-30,14:55:46,Lunch,NS,"[('Chicken', 10), ('Fries', 3), ('Salad', 1), ('Burger', 2), ('Steak', 8)]",795.2,-37.8164425,144.9373646,0,10.045,15.6522685
ORDI03764,2021-03-17,10:21:58,Breakfast,NS,"[('Pancake', 2), ('Eggs', 7)]",191.5,-37.8031679,144.9734487,0,6.513,10.8119642
ORDK00366,2021-09-19,16:37:10,Dinner,BK,"[('Pasta', 5), ('Shrimp', 10)]",677.5,-37.8065726,144.9322385,0,10.381,
ORDB01925,2021-02-13,09:21:07,Breakfast,TP,"[('Cereal', 3), ('Pancake', 5), ('Coffee', 7)]",209.75,-37.8153166,144.9419203,0,9.979,13.8056857
ORDX07514,2021-06-04,13:04:13,Lunch,BK,"[('Salad', 9), ('Fries', 10)]",274.8,-37.8137364,144.936811,0,10.27,
ORDZ01718,2021-08-27,15:56:37,Lunch,NS,"[('Fries', 8), ('Burger', 3), ('Salad', 7), ('Steak', 9), ('Chicken', 2)]",778.4,-37.8122606,144.9735438,0,7.547,13.1029095
ORDK02942,2021-09-02,16:06:45,Dinner,BK,"[('Salmon', 1), ('Pasta', 10)]",316.0,-37.8094828,144.9431614,0,9.901,16.707125
ORDZ02978,2021-12-15,19:29:34,Dinner,NS,"[('Salmon', 7), ('Pasta', 8), ('Fish&Chips', 8)]",787.0,-37.8159533,144.9725343,0,7.888,14.0037625
ORDJ04438,2021-04-17,11:22:49,Breakfast,TP,"[('Eggs', 1), ('Cereal', 6), ('Pancake', 5), ('Coffee', 3)]",268.75,-37.8245793,144.9903335,0,9.375,
ORDA04906,2021-09-26,16:57:27,Dinner,BK,"[('Salmon', 1), ('Pasta', 6), ('Fish&Chips', 7), ('Shrimp', 7)]",829.0,-37.8119116,144.9665763,0,7.338,16.636337
ORDJ06421,2021-01-18,08:30:25,Breakfast,TP,"[('Cereal', 9), ('Coffee', 6), ('Pancake', 5), ('Eggs', 7)]",471.25,-37.8046681,144.9352186,1,10.857,6.6899484
ORDC05697,2021-09-25,16:47:19,Dinner,NS,"[('Pasta', 2), ('Fish&Chips', 6)]",265.0,-37.8034179,144.956843,0,7.704,15.7848029
ORDA00841,2021-07-29,14:55:46,Lunch,BK,"[('Fries', 1), ('Chicken', 5), ('Salad', 2), ('Steak', 5)]",431.4,-37.8015357,144.9929039,0,5.614,11.4017117
ORDY08170,2021-07-10,14:15:12,Lunch,TP,"[('Chicken', 6), ('Salad', 9), ('Burger', 4), ('Steak', 6), ('Fries', 8)]",836.8,-37.8131388,144.9585845,0,8.555,14.0761319
ORDK11106,2021-11-15,18:28:43,Dinner,BK,"[('Fish&Chips', 10), ('Salmon', 3)]",473.0,-37.8054411,144.9333019,0,10.401,17.2756563
ORDA10477,2021-06-28,13:54:55,Lunch,,"[('Fries', 4), ('Salad', 10), ('Chicken', 10), ('Burger', 1)]",571.0,-37.8125487,144.9569572,0,8.163,
ORDC05916,2021-06-28,13:54:55,Lunch,NS,"[('Steak', 2), ('Salad', 6)]",193.2,-37.811521,144.957735,0,8.373,13.4957573
ORDX00708,2021-08-11,15:16:03,Lunch,,"[('Burger', 6), ('Fries', 1), ('Steak', 10)]",648.0,-37.7998178,144.9639256,0,8.069,
ORDJ01249,2021-04-02,11:02:32,Breakfast,TP,"[('Cereal', 7), ('Pancake', 4)]",229.0,-37.8004027,145.0135148,0,13.009,
ORDI07841,2021-11-05,18:08:27,Dinner,NS,"[('Fish&Chips', 9), ('Shrimp', 9), ('Salmon', 9)]",1170.0,-37.8188818,144.9531234,0,9.252,14.8037805
ORDC05924,2021-11-21,18:49:00,Dinner,NS,"[('Fish&Chips', 7), ('Shrimp', 1), ('Salmon', 6), ('Pasta', 9)]",792.5,-37.8080923,144.9758119,0,7.298,15.2422731
ORDA06070,2021-05-08,12:13:31,Lunch,BK,"[('Fries', 1), ('Chicken', 3), ('Steak', 5)]",333.0,-37.8224868,144.9555012,0,8.701,17.1196812
ORDA04612,2021-07-08,14:15:12,Lunch,BK,"[('Chicken', 1), ('Steak', 6), ('Salad', 1), ('Burger', 1), ('Fries', 9)]",458.2,-37.8137617,144.9378304,0,10.222,16.367883
ORDY04107,2021-02-11,09:21:07,Breakfast,TP,"[('Pancake', 5), ('Eggs', 3), ('Coffee', 9)]",223.75,-37.823513,145.0075823,0,11.191,13.3113313
ORDX02497,2021-09-30,16:57:27,Dinner,BK,"[('Fish&Chips', 6), ('Salmon', 10), ('Pasta', 7)]",812.5,-37.8093013,144.950196,0,8.824,15.2527074
ORDY04391,2021-07-17,14:25:21,Lunch,TP,"[('Steak', 2), ('Chicken', 9), ('Fries', 4), ('Burger', 3), ('Salad', 1)]",536.2,-37.8197026,145.0100131,0,11.484,
ORDI04227,2021-10-07,17:17:44,Dinner,NS,"[('Salmon', 1), ('Fish&Chips', 7), ('Pasta', 7)]",478.5,-37.7990823,144.9927579,0,8.372,14.5248424
ORDX05425,2021-02-04,09:00:50,Breakfast,BK,"[('Coffee', 2), ('Cereal', 7)]",151.0,-37.7995785,144.9596198,0,8.498,13.100671
ORDB01642,2021-08-24,15:46:28,Lunch,TP,"[('Fries', 7), ('Burger', 6), ('Steak', 8), ('Salad', 7)]",750.4,-37.8064821,144.9829726,0,9.942,12.9938927
ORDX02933,2021-11-27,18:59:09,Dinner,BK,"[('Salmon', 5), ('Shrimp', 9), ('Pasta', 1)]",718.5,-37.8172889,144.9525992,0,8.732,17.9159025
ORDB06432,2021-01-11,08:10:08,Breakfast,TP,"[('Eggs', 7), ('Coffee', 8), ('Cereal', 6), ('Pancake', 6)]",444.5,-37.8184634,144.9856392,1,9.286,5.5986597
ORDZ02584,2021-03-24,10:42:15,Breakfast,NS,"[('Pancake', 8), ('Cereal', 7), ('Eggs', 4), ('Coffee', 10)]",457.0,-37.8030195,144.9497312,0,8.25,13.110566
ORDC02624,2021-12-25,19:49:51,Dinner,NS,"[('Shrimp', 4), ('Pasta', 7), ('Fish&Chips', 4)]",548.5,-37.8178439,144.9621165,0,8.611,16.9499471
ORDX10154,2021-03-27,10:42:15,Breakfast,BK,"[('Eggs', 1), ('Coffee', 5), ('Cereal', 7), ('Pancake', 7)]",344.25,-37.8122487,145.0003405,0,4.232,11.6210539
ORDX10969,2021-02-28,09:51:32,Breakfast,BK,"[('Cereal', 7), ('Pancake', 6), ('Eggs', 9)]",462.5,-37.8196604,144.9445767,0,9.589,16.8151565
ORDA10963,2021-04-06,11:02:32,Breakfast,BK,"[('Coffee', 8), ('Pancake', 1), ('Cereal', 4), ('Eggs', 10)]",356.25,-37.8137969,144.9883813,0,5.467,10.1333615
ORDJ10706,2021-04-08,11:12:40,Breakfast,TP,"[('Pancake', 2), ('Coffee', 6), ('Cereal', 2), ('Eggs', 8)]",285.5,-37.8105624,144.9364836,0,10.542,13.2630894
ORDY02819,2021-02-25,09:41:24,Breakfast,TP,"[('Coffee', 8), ('Cereal', 7), ('Pancake', 5), ('Eggs', 4)]",379.25,-37.8068371,144.9651055,0,9.131,11.5205746
ORDA01474,2021-01-07,08:10:08,Breakfast,BK,"[('Pancake', 5), ('Cereal', 6)]",231.25,-37.8195877,144.9718784,1,7.893,6.4274027
ORDK07415,2021-07-12,14:15:12,Lunch,,"[('Chicken', 10), ('Salad', 2)]",354.4,-37.8133821,144.9651246,0,7.557,
ORDC01226,2021-02-21,09:41:24,Breakfast,NS,"[('Eggs', 9), ('Coffee', 6), ('Pancake', 5)]",333.25,-37.7968922,145.0095675,0,10.133,17.2112442
ORDX00662,2021-10-29,17:58:18,Dinner,BK,"[('Fish&Chips', 3), ('Shrimp', 2), ('Salmon', 5), ('Pasta', 4)]",528.0,-37.8254058,144.9514798,0,9.286,16.0762676
ORDZ01938,2021-07-31,14:55:46,Lunch,NS,"[('Salad', 10), ('Steak', 4), ('Chicken', 6)]",544.0,-37.8204092,144.9790962,0,8.714,16.1938581
ORDK08572,2021-09-02,16:06:45,Dinner,BK,"[('Pasta', 5), ('Fish&Chips', 7), ('Salmon', 3), ('Shrimp', 10)]",1045.5,-37.8177426,144.9660599,0,7.552,14.593938
ORDB00189,2021-09-02,16:06:45,Dinner,TP,"[('Fish&Chips', 2), ('Pasta', 3), ('Salmon', 4)]",316.5,-37.8149978,144.9720111,0,8.327,12.8555065
ORDA09538,2021-10-09,17:17:44,Dinner,BK,"[('Fish&Chips', 4), ('Salmon', 7)]",427.0,-37.8093671,144.9719597,0,6.729,16.0398825
ORDK00525,2021-03-18,10:32:06,Breakfast,BK,"[('Eggs', 3), ('Cereal', 4), ('Coffee', 3)]",159.5,-37.7999955,144.9719925,0,7.514,11.920282
ORDY06918,2021-08-21,15:36:20,Lunch,TP,"[('Steak', 5), ('Fries', 6)]",297.0,-37.81139,144.9731504,0,8.85,13.8876842
ORDY02356,2021-05-29,12:54:05,Lunch,TP,"[('Steak', 3), ('Salad', 9), ('Fries', 8), ('Chicken', 2)]",449.8,-37.8199494,144.9734397,0,7.751,12.1893507
ORDK05052,2021-05-24,12:43:56,Lunch,BK,"[('Chicken', 9), ('Fries', 2)]",312.0,-37.8096361,144.9403393,0,10.515,16.7959634
ORDI07943,2021-01-13,08:20:16,Breakfast,NS,"[('Eggs', 6), ('Pancake', 6), ('Coffee', 4)]",281.5,-37.7991013,144.9334861,1,9.514,6.9803595
ORDB10654,2021-10-30,17:58:18,Dinner,TP,"[('Salmon', 2), ('Pasta', 10)]",357.0,-37.8139908,145.0072789,0,11.712,16.9964744
ORDJ03247,2021-10-03,17:07:36,Dinner,TP,"[('Fish&Chips', 3), ('Salmon', 3), ('Pasta', 6)]",393.0,-37.8073389,144.9465888,0,9.867,15.4633532
ORDB07862,2021-10-28,17:58:18,Dinner,TP,"[('Salmon', 9), ('Pasta', 8), ('Fish&Chips', 9), ('Shrimp', 1)]",958.0,-37.8022875,144.9630265,0,9.519,13.1372853
ORDA10965,2021-12-27,20:00:00,Dinner,BK,"[('Pasta', 8), ('Fish&Chips', 2), ('Shrimp', 3)]",452.0,-37.8215657,144.9805243,0,7.011,14.1040741
ORDB07852,2021-09-16,16:37:10,Dinner,TP,"[('Pasta', 8), ('Shrimp', 10)]",760.0,-37.8014608,144.9581615,0,9.761,13.750009
ORDJ04316,2021-08-16,15:26:11,Lunch,TP,"[('Fries', 10), ('Burger', 5), ('Salad', 10), ('Chicken', 4), ('Steak', 1)]",620.0,-37.8084292,144.9679737,0,9.007,12.7691315
ORDX06455,2021-01-07,08:10:08,Breakfast,BK,"[('Cereal', 7), ('Coffee', 7), ('Pancake', 10)]",401.0,-37.8252361,144.9466017,1,9.54,7.6166564
ORDY06873,2021-06-05,13:04:13,Lunch,TP,"[('Chicken', 9), ('Fries', 6), ('Steak', 2), ('Salad', 10)]",622.0,-37.8148368,144.9376909,0,10.356,14.8930698
ORDJ07459,2021-01-18,08:30:25,Breakfast,TP,"[('Coffee', 10), ('Cereal', 1), ('Pancake', 9)]",275.25,-37.806016,144.9400612,1,10.487,6.2649313
ORDC06827,2021-10-09,17:17:44,Dinner,NS,"[('Fish&Chips', 6), ('Pasta', 2), ('Salmon', 1)]",306.0,-37.810308,144.9493481,0,8.688,17.0089194
ORDY08109,2021-12-15,19:29:34,Dinner,,"[('Pasta', 4), ('Shrimp', 4), ('Salmon', 6)]",572.0,-37.8120426,144.9707073,0,8.675,
ORDC05045,2021-04-10,11:12:40,Breakfast,NS,"[('Cereal', 8), ('Coffee', 10)]",215.0,-37.8202141,144.9825186,0,9.065,16.3946704
ORDC07535,2021-09-05,16:06:45,Dinner,NS,"[('Salmon', 3), ('Fish&Chips', 3), ('Pasta', 9), ('Shrimp', 7)]",853.5,-37.8103255,145.0019927,0,9.642,
ORDX03500,2021-11-06,18:18:35,Dinner,BK,"[('Fish&Chips', 7), ('Salmon', 8), ('Shrimp', 2), ('Pasta', 6)]",846.0,-37.8187958,144.9531688,0,8.818,17.9353469
ORDJ00842,2021-03-31,10:52:23,Breakfast,TP,"[('Coffee', 9), ('Eggs', 7), ('Cereal', 10)]",396.5,-37.8200259,144.9718506,0,7.898,10.9535987
ORDX02091,2021-10-22,17:38:01,Dinner,BK,"[('Pasta', 10), ('Fish&Chips', 2)]",345.0,-37.8183221,145.0015453,0,4.708,11.4375017
ORDZ08747,2021-09-01,16:06:45,Dinner,NS,"[('Salmon', 8), ('Shrimp', 10), ('Pasta', 8), ('Fish&Chips', 3)]",1193.0,-37.8081163,144.9733339,0,7.12,13.1636034
ORDK04335,2021-07-15,14:25:21,Lunch,BK,"[('Burger', 4), ('Steak', 4), ('Salad', 3)]",355.6,-37.817954,144.9897831,0,5.723,11.753518
ORDY05722,2021-08-25,15:46:28,Lunch,TP,"[('Steak', 10), ('Salad', 7), ('Fries', 2), ('Burger', 5)]",749.4,-37.8116326,144.9566842,0,8.664,11.9232872
ORDZ08445,2021-11-24,18:49:00,Dinner,NS,"[('Shrimp', 10), ('Salmon', 2), ('Fish&Chips', 3), ('Pasta', 3)]",809.5,-37.8187211,144.9771057,0,8.417,14.6660762
ORDA03375,2021-06-21,13:34:38,Lunch,BK,"[('Burger', 9), ('Steak', 2), ('Chicken', 2), ('Salad', 5)]",519.0,-37.8057429,144.9558818,0,8.077,13.8739229
ORDX06528,2021-03-27,10:42:15,Breakfast,BK,"[('Coffee', 4), ('Eggs', 5), ('Cereal', 1)]",147.0,-37.81962,144.9943682,0,5.391,13.1140828
ORDB05424,2021-10-19,17:38:01,Dinner,TP,"[('Fish&Chips', 7), ('Pasta', 1), ('Salmon', 6)]",518.5,-37.817809,144.9518045,0,9.014,12.9468346
ORDY00360,2021-04-29,11:53:14,Breakfast,TP,"[('Pancake', 9), ('Eggs', 10)]",410.25,-37.8049069,144.9255653,0,11.588,14.0696459
ORDX03513,2021-03-20,10:32:06,Breakfast,BK,"[('Eggs', 6), ('Coffee', 7), ('Pancake', 3)]",231.25,-37.8049166,144.9692898,0,7.062,14.5301801
ORDJ01212,2021-03-17,10:21:58,Breakfast,TP,"[('Eggs', 6), ('Cereal', 7), ('Coffee', 3), ('Pancake', 9)]",482.75,-37.7989257,144.9703196,0,10.136,
ORDJ10410,2021-07-16,14:25:21,Lunch,TP,"[('Chicken', 6), ('Burger', 1), ('Salad', 9)]",377.8,-37.8136487,144.9730863,0,8.531,11.9184657
ORDK00132,2021-10-17,17:38:01,Dinner,BK,"[('Pasta', 5), ('Shrimp', 2), ('Salmon', 8), ('Fish&Chips', 3)]",678.5,-37.8097873,144.992844,0,4.772,14.360913
ORDB10594,2021-12-20,19:39:43,Dinner,TP,"[('Pasta', 7), ('Shrimp', 1), ('Salmon', 5), ('Fish&Chips', 4)]",591.5,-37.8151864,144.9637397,0,7.891,12.6118643
ORDZ06911,2021-11-08,18:18:35,Dinner,NS,"[('Shrimp', 3), ('Salmon', 8), ('Pasta', 5), ('Fish&Chips', 10)]",977.5,-37.803644,144.9493801,0,8.489,14.4297263
ORDJ06365,2021-05-06,12:03:22,Lunch,TP,"[('Steak', 1), ('Chicken', 6), ('Fries', 3), ('Salad', 4), ('Burger', 5)]",496.8,-37.8202551,144.9573457,0,7.973,11.0878924
ORDI08730,2021-05-07,12:13:31,Lunch,NS,"[('Salad', 2), ('Burger', 9), ('Steak', 6)]",583.4,-37.8218102,144.9518698,0,9.643,15.1499599
ORDC03742,2021-08-12,15:26:11,Lunch,NS,"[('Burger', 1), ('Salad', 8)]",168.6,-37.823461,144.9786593,0,8.923,14.31023
ORDX10262,2021-12-03,19:09:17,Dinner,BK,"[('Pasta', 1), ('Salmon', 9), ('Shrimp', 8), ('Fish&Chips', 5)]",1003.5,-37.8160919,144.9640996,0,7.759,
ORDB07704,2021-11-22,18:49:00,Dinner,TP,"[('Shrimp', 1), ('Salmon', 3)]",177.0,-37.8194169,144.9765848,0,8.564,12.7957269
ORDB08135,2021-07-15,14:25:21,Lunch,TP,"[('Chicken', 5), ('Burger', 3)]",253.0,-37.8168656,144.987958,0,9.543,12.5474278
ORDK02692,2021-01-23,08:40:33,Breakfast,BK,"[('Eggs', 1), ('Coffee', 5), ('Pancake', 3)]",115.25,-37.8155895,144.9545846,0,8.478,15.959779
ORDJ02728,2021-03-18,10:32:06,Breakfast,TP,"[('Eggs', 3), ('Coffee', 10), ('Pancake', 7)]",273.75,-37.8084499,145.0127812,0,12.465,14.1328695
ORDX05869,2021-06-17,13:34:38,Lunch,BK,"[('Chicken', 1), ('Salad', 7), ('Burger', 6), ('Steak', 8), ('Fries', 9)]",806.4,-37.8050687,144.9723231,0,6.946,12.9183734
ORDK05801,2021-09-28,16:57:27,Dinner,BK,"[('Pasta', 7), ('Shrimp', 4)]",408.5,-37.8031293,144.9665929,0,7.498,14.4345425
ORDZ02781,2021-10-30,17:58:18,Dinner,NS,"[('Pasta', 9), ('Salmon', 5), ('Shrimp', 1), ('Fish&Chips', 2)]",576.5,-37.8072367,144.9495695,0,8.633,16.6126736
ORDB01792,2021-04-15,11:22:49,Breakfast,,"[('Eggs', 6), ('Coffee', 6), ('Cereal', 9)]",339.0,-37.8212004,144.984006,0,9.002,
ORDJ09664,2021-07-25,14:45:38,Lunch,,"[('Fries', 1), ('Salad', 5), ('Steak', 7)]",413.0,-37.8131348,144.9513204,0,9.082,
ORDY02424,2021-07-03,14:05:04,Lunch,TP,"[('Chicken', 4), ('Burger', 6), ('Fries', 9), ('Salad', 7), ('Steak', 7)]",857.4,-37.7999378,144.960628,0,9.838,
ORDB06430,2021-10-21,17:38:01,Dinner,TP,"[('Salmon', 7), ('Fish&Chips', 8)]",567.0,-37.8097495,144.9914244,0,10.285,13.7794844
ORDI06366,2021-05-26,12:43:56,Lunch,,"[('Salad', 8), ('Chicken', 8), ('Burger', 9), ('Steak', 4), ('Fries', 7)]",936.6,-37.8076334,144.9422621,0,9.366,
ORDC09181,2021-08-03,15:05:54,Lunch,NS,"[('Steak', 9), ('Salad', 1), ('Chicken', 1)]",454.2,-37.8029493,144.9619552,0,7.069,12.6147216
ORDK04083,2021-07-02,13:54:55,Lunch,BK,"[('Chicken', 10), ('Fries', 10), ('Salad', 1)]",457.2,-37.8234235,144.970257,0,7.968,
ORDJ10573,2021-05-25,12:43:56,Lunch,TP,"[('Salad', 9), ('Chicken', 9), ('Fries', 2)]",466.8,-37.8152997,144.9902847,0,9.934,13.1809252
ORDY00544,2021-11-24,18:49:00,Dinner,TP,"[('Fish&Chips', 2), ('Shrimp', 1), ('Salmon', 10), ('Pasta', 6)]",699.0,-37.8210709,144.9771819,0,8.654,12.6303234
ORDX03476,2021-05-13,12:23:39,Lunch,,"[('Steak', 10), ('Burger', 5), ('Salad', 9)]",759.8,-37.8116412,144.9639439,0,7.6,
ORDX08133,2021-12-05,19:09:17,Dinner,BK,"[('Shrimp', 8), ('Salmon', 9), ('Pasta', 10)]",1076.0,-37.8148953,144.9689667,0,7.293,16.0835535
ORDA06105,2021-12-09,19:19:26,Dinner,BK,"[('Shrimp', 6), ('Pasta', 8), ('Salmon', 10), ('Fish&Chips', 10)]",1304.0,-37.8134705,144.9657344,0,7.483,14.8060871
ORDZ03897,2021-03-29,10:52:23,Breakfast,NS,"[('Coffee', 2), ('Eggs', 3)]",74.0,-37.8116894,145.0009412,0,9.651,14.9862123
ORDC05672,2021-05-23,12:43:56,Lunch,NS,"[('Salad', 1), ('Fries', 1), ('Steak', 7)]",344.2,-37.8140759,144.9396602,0,9.648,17.601057
ORDK01199,2021-10-03,17:07:36,Dinner,BK,"[('Salmon', 3), ('Fish&Chips', 9), ('Pasta', 7)]",630.5,-37.8071752,144.9451338,0,9.24,
ORDY11062,2021-10-14,17:27:53,Dinner,,"[('Pasta', 1), ('Shrimp', 2), ('Fish&Chips', 10)]",485.5,-37.8098059,144.9638679,0,8.624,
ORDI01142,2021-10-07,17:17:44,Dinner,NS,"[('Salmon', 1), ('Fish&Chips', 7)]",286.0,-37.8184107,144.9670425,0,8.461,14.8634542
ORDA07328,2021-04-09,11:12:40,Breakfast,BK,"[('Eggs', 3), ('Pancake', 3)]",129.75,-37.8146253,145.0132485,0,3.848,
ORDZ00787,2021-11-10,18:18:35,Dinner,NS,"[('Pasta', 9), ('Salmon', 3), ('Fish&Chips', 7)]",615.5,-37.8033989,144.9497761,0,8.341,14.6278178
ORDY01228,2021-07-02,14:05:04,Lunch,TP,"[('Burger', 4), ('Chicken', 7), ('Fries', 3), ('Salad', 3)]",435.6,-37.8184296,144.9688448,0,7.915,11.4859062
ORDA04796,2021-07-24,14:45:38,Lunch,BK,"[('Burger', 2), ('Salad', 2), ('Chicken', 3), ('Steak', 6)]",462.4,-37.8205523,144.9572336,0,8.399,16.8737483
ORDY08447,2021-12-30,20:00:00,Dinner,TP,"[('Salmon', 9), ('Fish&Chips', 3), ('Shrimp', 7), ('Pasta', 3)]",934.5,-37.8009019,145.0041125,0,12.181,
ORDI00919,2021-09-01,16:06:45,Dinner,NS,"[('Shrimp', 7), ('Salmon', 5)]",583.0,-37.8047237,144.9642496,0,7.021,13.238426
ORDX00517,2021-11-06,18:08:27,Dinner,BK,"[('Shrimp', 9), ('Salmon', 7), ('Fish&Chips', 3), ('Pasta', 7)]",1070.5,-37.8188621,144.9534438,0,8.793,18.1210641
ORDB10358,2021-01-04,08:00:00,Breakfast,TP,"[('Coffee', 8), ('Pancake', 9)]",244.25,-37.8045177,144.9713513,1,9.88,6.6331706
ORDY00172,2021-08-15,15:26:11,Lunch,TP,"[('Fries', 1), ('Burger', 7), ('Chicken', 5)]",389.0,-37.8162688,144.9563044,0,8.314,13.3077909
ORDY04781,2021-11-09,18:18:35,Dinner,TP,"[('Pasta', 2), ('Salmon', 9), ('Fish&Chips', 9)]",739.0,-37.8042599,144.9495596,0,9.999,13.567698
ORDB00108,2021-02-28,09:51:32,Breakfast,TP,"[('Pancake', 5), ('Cereal', 5), ('Coffee', 2), ('Eggs', 10)]",432.25,-37.821006,144.9442801,0,9.263,13.0373043
ORDJ04847,2021-08-29,15:56:37,Lunch,TP,"[('Salad', 6), ('Burger', 5), ('Steak', 3), ('Chicken', 1), ('Fries', 4)]",473.2,-37.8108302,144.9758363,0,8.979,13.4333635
ORDY05329,2021-09-21,16:47:19,Dinner,,"[('Shrimp', 2), ('Pasta', 5), ('Salmon', 2), ('Fish&Chips', 9)]",642.5,-37.818105,144.9802333,0,8.793,
ORDB10151,2021-07-09,14:15:12,Lunch,TP,"[('Burger', 6), ('Fries', 4), ('Steak', 9), ('Chicken', 3), ('Salad', 10)]",907.0,-37.8221711,144.9634245,0,7.474,11.118713
ORDY03654,2021-06-25,13:44:47,Lunch,TP,"[('Steak', 8), ('Burger', 6), ('Salad', 10)]",718.0,-37.805486,144.9522769,0,9.515,12.9279308
ORDK05435,2021-09-04,16:06:45,Dinner,BK,"[('Salmon', 10), ('Pasta', 10), ('Fish&Chips', 2)]",755.0,-37.8113458,144.9669715,0,8.72,18.3139873
ORDX07932,2021-08-09,15:16:03,Lunch,BK,"[('Burger', 8), ('Steak', 5), ('Fries', 9), ('Chicken', 6), ('Salad', 7)]",893.4,-37.81352,144.9685284,0,7.301,13.4760864
ORDK06185,2021-04-03,11:02:32,Breakfast,BK,"[('Eggs', 5), ('Pancake', 10), ('Cereal', 6), ('Coffee', 2)]",458.5,-37.803208,144.9738755,0,7.011,
ORDK08258,2021-07-15,14:25:21,Lunch,BK,"[('Steak', 8), ('Burger', 4), ('Salad', 2), ('Chicken', 2), ('Fries', 4)]",630.4,-37.8153946,144.9774634,0,6.467,
ORDK09708,2021-12-02,19:09:17,Dinner,BK,"[('Pasta', 10), ('Salmon', 5), ('Shrimp', 4), ('Fish&Chips', 4)]",836.0,-37.8165975,144.9374932,0,9.967,17.0754287
ORDX07467,2021-12-09,19:19:26,Dinner,BK,"[('Pasta', 2), ('Shrimp', 7), ('Salmon', 10), ('Fish&Chips', 5)]",1018.0,-37.8134589,144.9657287,0,7.481,14.1690319
ORDX08862,2021-01-04,08:00:00,Breakfast,BK,"[('Cereal', 1), ('Pancake', 4)]",109.0,-37.8109999,144.9912035,1,5.01,5.0630424
ORDC08507,2021-04-25,11:43:05,Breakfast,NS,"[('Eggs', 5), ('Cereal', 3), ('Coffee', 2), ('Pancake', 6)]",309.5,-37.8041383,144.9384214,0,9.921,16.9869765
ORDX02115,2021-09-08,16:16:54,Dinner,BK,"[('Salmon', 4), ('Shrimp', 7), ('Pasta', 2)]",597.0,-37.8026875,144.9595667,0,8.021,14.595259
ORDX08067,2021-05-17,12:23:39,Lunch,BK,"[('Steak', 9), ('Fries', 10), ('Chicken', 4), ('Burger', 3)]",746.0,-37.8116794,145.0072895,0,3.532,9.1370829
ORDA04133,2021-10-17,17:38:01,Dinner,BK,"[('Shrimp', 6), ('Pasta', 9), ('Fish&Chips', 3), ('Salmon', 5)]",881.5,-37.8149888,144.9530379,0,8.543,17.3272045
ORDY05951,2021-04-13,11:22:49,Breakfast,,"[('Coffee', 10), ('Pancake', 8)]",233.0,-37.8198836,144.9853014,0,9.247,
ORDK03125,2021-06-10,13:14:21,Lunch,BK,"[('Salad', 4), ('Fries', 1), ('Chicken', 10)]",400.8,-37.8246789,144.9705324,0,8.131,13.8696615
ORDX05871,2021-05-13,12:23:39,Lunch,BK,"[('Steak', 7), ('Salad', 7)]",435.4,-37.8157963,144.9664983,0,7.568,
ORDK01466,2021-11-17,18:38:52,Dinner,BK,"[('Pasta', 5), ('Fish&Chips', 9), ('Shrimp', 4), ('Salmon', 7)]",955.5,-37.8122432,144.9524053,0,8.573,15.5902572
ORDX03913,2021-07-18,14:35:29,Lunch,BK,"[('Fries', 8), ('Burger', 4)]",220.0,-37.8188828,145.0083558,0,4.112,12.1866735
ORDJ02268,2021-02-20,09:31:16,Breakfast,TP,"[('Coffee', 4), ('Eggs', 5), ('Cereal', 4)]",207.0,-37.8027506,144.950142,0,10.016,14.5832288
ORDA10873,2021-07-25,14:45:38,Lunch,BK,"[('Salad', 9), ('Fries', 3), ('Chicken', 6), ('Steak', 1), ('Burger', 7)]",644.8,-37.8206801,144.9559248,0,8.513,17.1031764
ORDJ07853,2021-12-19,19:39:43,Dinner,TP,"[('Salmon', 10), ('Fish&Chips', 8), ('Shrimp', 6), ('Pasta', 8)]",1234.0,-37.8141885,144.9629889,0,8.035,13.4461277
ORDY10321,2021-08-11,15:16:03,Lunch,TP,"[('Fries', 7), ('Burger', 2)]",146.0,-37.8093125,144.9581717,0,8.879,12.4902601
ORDZ09007,2021-11-10,18:18:35,Dinner,NS,"[('Pasta', 4), ('Salmon', 2)]",192.0,-37.8034692,144.9497639,0,8.333,14.2674849
ORDX02395,2021-10-02,17:07:36,Dinner,BK,"[('Salmon', 3), ('Fish&Chips', 8), ('Shrimp', 4)]",619.0,-37.8093528,144.9458259,0,9.167,
ORDA02302,2021-11-14,18:28:43,Dinner,BK,"[('Shrimp', 8), ('Fish&Chips', 8), ('Pasta', 5), ('Salmon', 7)]",1136.5,-37.8104078,144.9272887,0,11.259,21.4178229
ORDJ04457,2021-08-28,15:56:37,Lunch,TP,"[('Chicken', 7), ('Fries', 5), ('Steak', 4)]",464.0,-37.8234522,144.9846337,0,8.997,13.8074019
ORDA10865,2021-03-01,09:51:32,Breakfast,BK,"[('Coffee', 10), ('Cereal', 4)]",135.0,-37.8260278,144.9845142,0,7.374,12.0962412
ORDJ01092,2021-06-11,13:14:21,Lunch,TP,"[('Burger', 10), ('Steak', 5), ('Chicken', 6), ('Salad', 6)]",830.2,-37.8248949,144.9828503,0,8.952,12.4166562
ORDK01563,2021-06-08,13:14:21,Lunch,BK,"[('Fries', 2), ('Burger', 10), ('Steak', 2), ('Salad', 8)]",561.6,-37.816518,144.9459031,0,9.262,15.2962437
ORDI06358,2021-12-06,19:09:17,Dinner,NS,"[('Pasta', 6), ('Shrimp', 3), ('Salmon', 4)]",491.0,-37.8131494,144.9512706,0,8.596,14.8365673
ORDK02328,2021-02-11,09:21:07,Breakfast,BK,"[('Eggs', 9), ('Cereal', 9)]",369.0,-37.825964,145.00476,0,5.144,9.802809
ORDY07395,2021-07-19,14:35:29,Lunch,TP,"[('Salad', 7), ('Burger', 5), ('Steak', 10)]",725.4,-37.8200096,145.0125207,0,11.711,14.3857385
ORDB09891,2021-05-15,12:23:39,Lunch,,"[('Steak', 6), ('Salad', 6), ('Burger', 1)]",404.2,-37.8119411,144.9693608,0,8.621,
ORDZ06633,2021-11-22,18:49:00,Dinner,NS,"[('Salmon', 2), ('Pasta', 8), ('Shrimp', 1)]",356.0,-37.8032038,144.9606775,0,7.224,12.6376777
ORDB02432,2021-05-07,12:03:22,Lunch,TP,"[('Burger', 5), ('Salad', 9)]",309.8,-37.820865,144.9548784,0,8.204,11.4950086
ORDC03641,2021-04-11,11:12:40,Breakfast,,"[('Pancake', 10), ('Eggs', 1)]",243.5,-37.8190727,144.9821923,0,8.915,
ORDJ05268,2021-11-12,18:28:43,Dinner,TP,"[('Fish&Chips', 2), ('Salmon', 5), ('Pasta', 7), ('Shrimp', 9)]",953.5,-37.8070082,144.9627311,0,8.967,13.0197591
ORDY04643,2021-09-18,16:37:10,Dinner,TP,"[('Shrimp', 2), ('Fish&Chips', 9), ('Salmon', 8), ('Pasta', 6)]",916.0,-37.8236121,144.9878986,0,9.386,15.231269
ORDX02880,2021-05-26,12:43:56,Lunch,BK,"[('Steak', 10), ('Fries', 10)]",570.0,-37.8075656,144.9424015,0,9.521,15.5718237
ORDK01501,2021-03-26,10:42:15,Breakfast,BK,"[('Pancake', 10), ('Cereal', 7), ('Coffee', 9), ('Eggs', 10)]",622.0,-37.8214115,144.9892355,0,6.062,10.6372443
ORDY04194,2021-07-12,14:25:21,Lunch,TP,"[('Salad', 7), ('Burger', 6), ('Chicken', 2)]",370.4,-37.8009482,144.9887123,0,10.9,14.1405463
ORDJ08028,2021-12-03,19:09:17,Dinner,TP,"[('Pasta', 7), ('Shrimp', 4), ('Fish&Chips', 6), ('Salmon', 5)]",823.5,-37.8172742,145.0132878,0,11.998,15.4084309
ORDJ05728,2021-06-05,13:04:13,Lunch,TP,"[('Chicken', 6), ('Fries', 9), ('Steak', 3), ('Salad', 9), ('Burger', 6)]",775.8,-37.811232,144.9354874,0,10.723,15.4940969
ORDX03095,2021-05-21,12:33:48,Lunch,,"[('Steak', 1), ('Burger', 9), ('Salad', 3), ('Chicken', 4), ('Fries', 6)]",575.6,-37.8124127,144.9376431,0,10.005,
ORDJ05702,2021-10-09,17:17:44,Dinner,TP,"[('Fish&Chips', 8), ('Salmon', 2)]",362.0,-37.8128618,144.9598184,0,8.47,14.2185304
ORDI07707,2021-12-18,19:39:43,Dinner,NS,"[('Fish&Chips', 2), ('Salmon', 4), ('Shrimp', 6)]",558.0,-37.8168415,144.9542915,0,8.877,16.4358814
ORDZ10087,2021-05-25,12:43:56,Lunch,NS,"[('Salad', 6), ('Chicken', 7), ('Fries', 2), ('Steak', 4), ('Burger', 5)]",686.2,-37.8141799,144.9793023,0,8.215,13.6441534
ORDY06876,2021-03-29,10:52:23,Breakfast,TP,"[('Cereal', 6), ('Pancake', 7)]",275.75,-37.821301,145.0033795,0,10.916,13.8186783
ORDC02545,2021-05-06,12:03:22,Lunch,NS,"[('Burger', 8), ('Steak', 5), ('Salad', 5), ('Fries', 8)]",655.0,-37.8202279,144.9574109,0,9.184,14.6073066
ORDJ02713,2021-04-22,11:43:05,Breakfast,TP,"[('Eggs', 3), ('Pancake', 8), ('Coffee', 2)]",252.0,-37.8265624,144.9743124,0,8.619,11.1923371
ORDB11020,2021-07-13,14:25:21,Lunch,,"[('Steak', 5), ('Salad', 3)]",276.6,-37.8002654,144.9586466,0,9.707,
ORDJ10186,2021-10-22,17:48:10,Dinner,TP,"[('Salmon', 6), ('Fish&Chips', 7), ('Shrimp', 1), ('Pasta', 10)]",820.0,-37.8053576,144.9736032,0,9.534,13.9461115
ORDC02925,2021-12-20,19:39:43,Dinner,NS,"[('Salmon', 10), ('Shrimp', 3), ('Pasta', 6)]",737.0,-37.8159722,144.9636147,0,8.328,13.8058039
ORDA05285,2021-08-30,15:56:37,Lunch,BK,"[('Fries', 2), ('Chicken', 10), ('Steak', 2), ('Burger', 1), ('Salad', 3)]",516.6,-37.822358,144.982749,0,6.657,12.7402429
ORDZ03209,2021-09-26,16:47:19,Dinner,,"[('Shrimp', 1), ('Salmon', 8)]",382.0,-37.7991923,144.9876661,0,7.907,
ORDK04646,2021-08-05,15:05:54,Lunch,BK,"[('Chicken', 5), ('Steak', 4), ('Burger', 4), ('Salad', 10)]",636.0,-37.8131687,145.0141586,0,3.765,10.2024655
ORDA10722,2021-05-18,12:33:48,Lunch,BK,"[('Chicken', 8), ('Burger', 4), ('Steak', 2), ('Salad', 1), ('Fries', 5)]",547.2,-37.8195701,144.9580157,0,8.347,
ORDA04500,2021-07-18,14:35:29,Lunch,BK,"[('Chicken', 4), ('Steak', 2), ('Salad', 5)]",304.0,-37.8163257,145.0088873,0,3.819,11.8819595
ORDJ02409,2021-03-10,10:11:49,Breakfast,TP,"[('Coffee', 1), ('Cereal', 1), ('Eggs', 9), ('Pancake', 5)]",325.75,-37.799465,144.9682706,0,10.043,12.5931496
ORDJ07369,2021-02-05,09:10:59,Breakfast,TP,"[('Cereal', 5), ('Pancake', 2), ('Eggs', 4), ('Coffee', 1)]",234.0,-37.8151617,144.9714535,0,8.277,10.9824901
ORDA05861,2021-06-20,13:34:38,Lunch,BK,"[('Burger', 6), ('Steak', 4), ('Fries', 10), ('Salad', 4)]",554.8,-37.8062176,144.9595556,0,7.739,15.7150155
ORDC06973,2021-06-19,13:34:38,Lunch,NS,"[('Burger', 8), ('Salad', 7), ('Fries', 7)]",452.4,-37.8063316,144.9594948,0,7.642,14.9547658
ORDZ05942,2021-09-25,16:47:19,Dinner,NS,"[('Shrimp', 6), ('Pasta', 5), ('Fish&Chips', 8)]",741.5,-37.8087898,144.9573786,0,7.898,15.5687807
ORDB05557,2021-07-05,14:05:04,Lunch,TP,"[('Steak', 5), ('Fries', 8), ('Salad', 5), ('Chicken', 7), ('Burger', 5)]",786.0,-37.8133733,145.0087621,0,11.891,15.0757884
ORDB01887,2021-04-21,11:32:57,Breakfast,TP,"[('Eggs', 8), ('Coffee', 4)]",190.0,-37.8141607,144.9917767,0,10.157,12.8369182
ORDB01729,2021-02-12,09:21:07,Breakfast,TP,"[('Cereal', 2), ('Coffee', 1)]",45.5,-37.8151363,144.9471952,0,9.312,11.7140584
ORDB09202,2021-02-19,09:31:16,Breakfast,,"[('Cereal', 8), ('Pancake', 10)]",382.5,-37.8103641,144.9802698,0,9.378,
ORDX03122,2021-07-20,14:35:29,Lunch,BK,"[('Burger', 1), ('Chicken', 5), ('Salad', 2), ('Steak', 7), ('Fries', 8)]",636.4,-37.8166139,145.0057327,0,4.136,9.6521303
ORDI06533,2021-11-02,18:08:27,Dinner,NS,"[('Fish&Chips', 3), ('Shrimp', 7), ('Pasta', 10), ('Salmon', 5)]",963.0,-37.8054343,144.9438443,0,9.042,15.0005934
ORDK04639,2021-07-14,14:25:21,Lunch,BK,"[('Salad', 7), ('Fries', 9), ('Chicken', 2), ('Burger', 2)]",354.4,-37.8167337,144.9844178,0,6.141,12.1255751
ORDI10373,2021-07-14,14:25:21,Lunch,NS,"[('Chicken', 3), ('Burger', 5), ('Fries', 6)]",323.0,-37.8164986,144.9844642,0,8.741,13.8526755
ORDB08048,2021-08-17,15:36:20,Lunch,TP,"[('Steak', 9), ('Chicken', 3), ('Fries', 4), ('Burger', 6), ('Salad', 4)]",803.8,-37.8103422,144.9550359,0,8.881,11.926565
ORDZ05981,2021-06-08,13:14:21,Lunch,NS,"[('Chicken', 5), ('Fries', 7), ('Burger', 10)]",554.0,-37.8170561,144.9490902,0,9.393,
ORDY04886,2021-02-19,09:31:16,Breakfast,TP,"[('Coffee', 9), ('Cereal', 4)]",129.5,-37.8009524,145.0120941,0,12.697,15.1162274
ORDY09644,2021-07-16,14:25:21,Lunch,TP,"[('Chicken', 1), ('Burger', 1), ('Steak', 10), ('Fries', 1)]",525.0,-37.8143103,144.9743508,0,8.515,12.2928852
ORDJ01267,2021-12-15,19:29:34,Dinner,TP,"[('Pasta', 6), ('Salmon', 2), ('Shrimp', 3)]",409.0,-37.811681,144.9705406,0,8.719,13.0860342
ORDB00019,2021-01-06,08:10:08,Breakfast,TP,"[('Pancake', 9), ('Coffee', 7), ('Cereal', 5), ('Eggs', 1)]",359.75,-37.8260934,144.9653283,1,8.055,5.3186319
ORDC09284,2021-11-05,18:08:27,Dinner,NS,"[('Pasta', 8), ('Salmon', 9), ('Shrimp', 5), ('Fish&Chips', 10)]",1209.0,-37.8191184,144.9521191,0,9.346,15.0262189
ORDC02761,2021-03-30,10:52:23,Breakfast,NS,"[('Eggs', 7), ('Cereal', 6), ('Pancake', 8)]",445.0,-37.8141328,145.0047099,0,10.204,15.5172109
ORDA09323,2021-07-12,14:15:12,Lunch,BK,"[('Burger', 6), ('Fries', 8), ('Steak', 10), ('Salad', 2)]",766.4,-37.8011342,144.9742413,0,7.205,
ORDZ09246,2021-06-09,13:14:21,Lunch,NS,"[('Burger', 3), ('Steak', 10)]",543.0,-37.8039646,145.0033097,0,9.403,14.8830317
ORDI05600,2021-12-15,19:29:34,Dinner,NS,"[('Shrimp', 9), ('Salmon', 7), ('Pasta', 1)]",800.5,-37.8158463,144.9724814,0,7.875,13.6671103
ORDC11031,2021-02-19,09:31:16,Breakfast,,"[('Pancake', 10), ('Eggs', 1), ('Cereal', 1), ('Coffee', 2)]",274.5,-37.8003874,145.0057105,0,9.514,
ORDY06017,2021-02-13,09:21:07,Breakfast,TP,"[('Eggs', 6), ('Cereal', 4), ('Pancake', 4)]",295.0,-37.8152944,144.9419069,0,9.976,13.9327656
ORDY01548,2021-09-12,16:27:02,Dinner,TP,"[('Pasta', 5), ('Salmon', 3), ('Shrimp', 2)]",368.5,-37.8223897,144.9551443,0,8.242,14.1915043
ORDB05760,2021-03-11,10:11:49,Breakfast,TP,"[('Eggs', 2), ('Coffee', 9)]",91.5,-37.8104145,144.995982,0,10.662,12.8344095
ORDI04514,2021-02-19,09:31:16,Breakfast,,"[('Pancake', 2), ('Coffee', 2), ('Eggs', 9), ('Cereal', 9)]",424.5,-37.8100903,144.9785812,0,7.745,
ORDI09628,2021-08-10,15:16:03,Lunch,NS,"[('Steak', 5), ('Fries', 8)]",321.0,-37.8000323,144.9949409,0,8.512,
ORDK09716,2021-08-12,15:26:11,Lunch,,"[('Salad', 8), ('Burger', 5)]",292.6,-37.8159761,144.9513099,0,10.078,
ORDZ08845,2021-06-28,13:54:55,Lunch,NS,"[('Burger', 9), ('Chicken', 8)]",535.0,-37.8113345,144.958376,0,8.434,13.9337215
ORDJ08776,2021-09-13,16:27:02,Dinner,TP,"[('Pasta', 2), ('Shrimp', 3), ('Fish&Chips', 10), ('Salmon', 10)]",977.0,-37.8050431,144.9712845,0,9.787,13.6920481
ORDK02704,2021-10-24,17:48:10,Dinner,BK,"[('Salmon', 1), ('Shrimp', 8)]",473.0,-37.8185114,144.9958011,0,5.198,14.3167017
ORDJ10177,2021-11-25,18:49:00,Dinner,TP,"[('Fish&Chips', 1), ('Shrimp', 9)]",521.0,-37.8007415,144.9586101,0,9.647,13.3738011
ORDX03949,2021-12-19,19:39:43,Dinner,BK,"[('Pasta', 1), ('Fish&Chips', 7), ('Shrimp', 6)]",596.5,-37.8122719,144.9695152,0,7.119,
ORDI02897,2021-11-24,18:49:00,Dinner,NS,"[('Pasta', 5), ('Fish&Chips', 4)]",277.5,-37.8004479,144.958841,0,7.21,12.6644791
ORDA02517,2021-01-17,08:30:25,Breakfast,BK,"[('Coffee', 5), ('Pancake', 6), ('Cereal', 10)]",361.0,-37.8000623,145.0052351,1,4.862,6.2118947
ORDI06816,2021-12-20,19:39:43,Dinner,NS,"[('Fish&Chips', 7), ('Pasta', 9), ('Salmon', 4), ('Shrimp', 6)]",980.5,-37.814937,144.96334,0,8.189,14.6659854
ORDX05633,2021-08-18,15:36:20,Lunch,BK,"[('Fries', 10), ('Salad', 2)]",154.4,-37.8095586,144.9638384,0,7.381,12.820626
ORDX07722,2021-09-23,16:47:19,Dinner,BK,"[('Shrimp', 6), ('Pasta', 3), ('Fish&Chips', 3), ('Salmon', 10)]",921.5,-37.8120434,144.9880858,0,5.399,12.2598007
ORDY04498,2021-09-18,16:37:10,Dinner,TP,"[('Pasta', 6), ('Fish&Chips', 3)]",270.0,-37.8033298,144.9480135,0,9.978,16.2624513
ORDY04208,2021-06-04,13:04:13,Lunch,TP,"[('Salad', 7), ('Steak', 3), ('Burger', 10)]",565.4,-37.8139932,144.9361387,0,10.633,
ORDX01861,2021-12-07,19:19:26,Dinner,BK,"[('Pasta', 4), ('Salmon', 9)]",479.0,-37.8102362,144.968798,0,7.032,14.1027555
ORDK10752,2021-06-05,13:04:13,Lunch,BK,"[('Burger', 2), ('Chicken', 7)]",286.0,-37.8147838,144.9377043,0,9.93,
ORDY08819,2021-08-13,15:26:11,Lunch,,"[('Salad', 10), ('Burger', 9), ('Chicken', 7), ('Fries', 1), ('Steak', 6)]",957.0,-37.8059887,144.9736895,0,9.523,
ORDA01525,2021-01-28,08:50:42,Breakfast,BK,"[('Cereal', 9), ('Eggs', 9)]",369.0,-37.8036241,145.0079488,0,5.388,10.0636068
ORDK09268,2021-06-18,13:34:38,Lunch,BK,"[('Fries', 7), ('Salad', 9), ('Burger', 1), ('Steak', 9), ('Chicken', 1)]",706.8,-37.8048808,144.9705639,0,7.107,
ORDK07232,2021-12-17,19:39:43,Dinner,BK,"[('Shrimp', 10), ('Salmon', 10)]",950.0,-37.8143541,144.9632021,0,7.742,15.4410496
ORDZ03781,2021-01-12,08:20:16,Breakfast,NS,"[('Coffee', 1), ('Pancake', 4), ('Eggs', 3), ('Cereal', 2)]",197.5,-37.8175106,144.9487589,1,9.403,7.1538293
ORDZ08223,2021-05-21,12:33:48,Lunch,NS,"[('Salad', 8), ('Chicken', 1), ('Fries', 3), ('Steak', 5), ('Burger', 7)]",647.6,-37.8128777,144.9391917,0,9.711,15.695238
ORDZ10641,2021-02-12,09:21:07,Breakfast,NS,"[('Cereal', 4), ('Coffee', 7), ('Pancake', 8)]",296.5,-37.8261311,144.9606978,0,9.787,14.5215965
ORDI01218,2021-11-21,18:38:52,Dinner,NS,"[('Salmon', 10), ('Pasta', 3)]",492.5,-37.81167,144.9485497,0,8.843,16.1696004
ORDX09180,2021-12-15,19:29:34,Dinner,BK,"[('Fish&Chips', 5), ('Salmon', 5), ('Shrimp', 1)]",434.0,-37.8140677,144.9713268,0,7.071,14.0967093
ORDC01518,2021-03-15,10:21:58,Breakfast,,"[('Cereal', 8), ('Coffee', 8)]",204.0,-37.7993917,144.9482026,0,8.376,
ORDI02483,2021-10-28,17:58:18,Dinner,,"[('Salmon', 10), ('Shrimp', 8), ('Pasta', 1), ('Fish&Chips', 8)]",1149.5,-37.802578,144.9632958,0,6.976,
ORDB06542,2021-04-09,11:12:40,Breakfast,TP,"[('Coffee', 7), ('Pancake', 5), ('Cereal', 10), ('Eggs', 8)]",517.75,-37.8243601,144.9440946,0,9.115,11.0227436
ORDA06364,2021-05-12,12:13:31,Lunch,BK,"[('Salad', 4), ('Chicken', 10), ('Burger', 3), ('Fries', 4)]",529.8,-37.818243,144.9683745,0,7.711,13.2969552
ORDJ01203,2021-01-17,08:30:25,Breakfast,TP,"[('Cereal', 5), ('Eggs', 9)]",289.0,-37.8173354,144.9622079,1,7.904,5.7964034
ORDY08642,2021-05-09,12:13:31,Lunch,TP,"[('Salad', 4), ('Fries', 2), ('Burger', 6), ('Steak', 9), ('Chicken', 3)]",779.8,-37.825062,144.9569625,0,8.081,13.2813653
ORDY10058,2021-09-30,16:57:27,Dinner,TP,"[('Fish&Chips', 1), ('Pasta', 2), ('Shrimp', 9), ('Salmon', 8)]",904.0,-37.8093631,144.9499094,0,9.511,13.6878692
ORDY08056,2021-10-26,17:48:10,Dinner,TP,"[('Pasta', 10), ('Fish&Chips', 5), ('Salmon', 1)]",491.0,-37.8161564,144.9641293,0,7.78,12.4155569
ORDZ09796,2021-02-03,09:00:50,Breakfast,NS,"[('Pancake', 6), ('Coffee', 7)]",172.0,-37.8169046,144.9780254,0,8.46,13.4759652
ORDC04023,2021-06-24,13:44:47,Lunch,NS,"[('Chicken', 4), ('Salad', 1), ('Steak', 4)]",325.2,-37.8029301,144.9581447,0,7.542,13.1953167
ORDK10926,2021-04-04,11:02:32,Breakfast,BK,"[('Cereal', 2), ('Pancake', 7), ('Coffee', 2), ('Eggs', 5)]",311.75,-37.8232812,144.938265,0,10.327,
ORDB08312,2021-06-02,13:04:13,Lunch,TP,"[('Salad', 6), ('Chicken', 9), ('Burger', 3), ('Fries', 4), ('Steak', 5)]",757.2,-37.807073,144.9578573,0,9.177,12.2828413
ORDC08179,2021-01-18,08:30:25,Breakfast,NS,"[('Coffee', 6), ('Cereal', 2), ('Eggs', 4), ('Pancake', 6)]",290.5,-37.8138149,144.959666,1,8.251,
ORDY08885,2021-05-26,12:43:56,Lunch,TP,"[('Steak', 4), ('Salad', 5), ('Burger', 3)]",359.0,-37.8078017,144.9424368,0,10.2,13.4107131
ORDC04367,2021-11-16,18:28:43,Dinner,NS,"[('Salmon', 7), ('Fish&Chips', 2)]",357.0,-37.814791,144.9342856,0,10.226,15.854373
ORDZ06183,2021-09-15,16:27:02,Dinner,NS,"[('Fish&Chips', 8), ('Salmon', 10)]",690.0,-37.8080795,144.9692773,0,6.987,12.7697365
ORDB06731,2021-07-12,14:15:12,Lunch,TP,"[('Fries', 6), ('Salad', 8), ('Burger', 1)]",240.6,-37.8141364,144.9657288,0,8.235,11.9684199
ORDB04037,2021-10-18,17:38:01,Dinner,TP,"[('Fish&Chips', 9), ('Salmon', 7), ('Shrimp', 7), ('Pasta', 8)]",1200.0,-37.8180467,144.9944995,0,10.094,14.2909276
ORDZ05762,2021-07-23,14:45:38,Lunch,NS,"[('Burger', 5), ('Salad', 10), ('Steak', 5), ('Chicken', 2)]",616.0,-37.8201858,144.9578371,0,9.162,14.7210064
ORDJ07529,2021-02-10,09:21:07,Breakfast,TP,"[('Coffee', 6), ('Pancake', 2)]",77.5,-37.8106542,145.0015254,0,11.173,13.2073315
ORDI08912,2021-08-21,15:36:20,Lunch,NS,"[('Burger', 6), ('Chicken', 7), ('Steak', 4), ('Salad', 3), ('Fries', 5)]",701.6,-37.8142102,144.9631359,0,8.08,15.2571956
ORDA05644,2021-09-13,16:27:02,Dinner,BK,"[('Salmon', 5), ('Fish&Chips', 4)]",345.0,-37.8046399,144.9716395,0,7.053,14.0088138
ORDY10819,2021-04-29,11:53:14,Breakfast,TP,"[('Pancake', 3), ('Coffee', 2)]",77.75,-37.8052229,144.9324237,0,11.011,13.5191312
ORDK00740,2021-08-10,15:16:03,Lunch,BK,"[('Fries', 7), ('Salad', 5)]",170.0,-37.8007,144.9926214,0,5.751,11.5166129
ORDK00824,2021-01-09,08:10:08,Breakfast,BK,"[('Cereal', 7), ('Coffee', 5), ('Pancake', 1), ('Eggs', 6)]",315.75,-37.81875,144.983448,1,6.411,6.4162238
ORDK05665,2021-01-23,08:40:33,Breakfast,BK,"[('Cereal', 9), ('Pancake', 2), ('Coffee', 3)]",241.0,-37.8112129,144.9596654,0,7.82,14.7794537
ORDJ05097,2021-06-15,13:24:30,Lunch,TP,"[('Fries', 8), ('Burger', 10), ('Salad', 7)]",526.4,-37.8075842,144.9708509,0,9.28,12.6159954
ORDX10605,2021-05-02,11:53:14,Breakfast,BK,"[('Coffee', 2), ('Eggs', 8), ('Cereal', 6)]",299.0,-37.8224076,144.9831835,0,6.607,14.4068688
ORDC10444,2021-01-05,08:00:00,Breakfast,NS,"[('Eggs', 3), ('Pancake', 10), ('Cereal', 1)]",305.5,-37.8107719,144.9566333,1,8.143,6.3795321
ORDX08322,2021-08-16,15:26:11,Lunch,,"[('Burger', 3), ('Steak', 3), ('Chicken', 4), ('Fries', 3), ('Salad', 4)]",460.8,-37.8148306,144.9689365,0,7.294,
ORDX06916,2021-08-22,15:46:28,Lunch,BK,"[('Burger', 10), ('Salad', 1), ('Chicken', 5), ('Fries', 4)]",535.2,-37.8228688,144.9557457,0,8.734,17.1407693
ORDC01779,2021-05-16,12:23:39,Lunch,NS,"[('Steak', 3), ('Chicken', 4), ('Burger', 3)]",356.0,-37.7993218,144.9838369,0,7.566,14.4512022
ORDK04048,2021-09-03,16:06:45,Dinner,BK,"[('Salmon', 3), ('Shrimp', 2), ('Pasta', 9)]",478.5,-37.8254377,144.953472,0,9.459,16.5722704
ORDZ09417,2021-03-23,10:42:15,Breakfast,,"[('Pancake', 2), ('Coffee', 2), ('Eggs', 7)]",202.5,-37.8053849,144.94865,0,8.554,
ORDX00705,2021-03-31,10:52:23,Breakfast,,"[('Coffee', 5), ('Cereal', 5), ('Eggs', 6), ('Pancake', 9)]",453.75,-37.8205622,144.9705984,0,7.84,
ORDA03964,2021-03-12,10:11:49,Breakfast,BK,"[('Coffee', 3), ('Cereal', 1), ('Eggs', 7), ('Pancake', 2)]",228.0,-37.8197652,144.9989599,0,5.028,9.8494975
ORDB01967,2021-04-17,11:22:49,Breakfast,TP,"[('Cereal', 10), ('Coffee', 3)]",216.5,-37.8239236,144.990595,0,9.455,13.4505509
ORDC07611,2021-07-24,14:45:38,Lunch,NS,"[('Salad', 5), ('Steak', 5), ('Burger', 5), ('Chicken', 4), ('Fries', 8)]",690.0,-37.8206648,144.9566673,0,9.284,16.8096034
ORDB02863,2021-10-11,17:17:44,Dinner,TP,"[('Pasta', 4), ('Shrimp', 8), ('Fish&Chips', 6), ('Salmon', 7)]",1039.0,-37.8171086,144.9853634,0,9.371,13.7302129
ORDJ08804,2021-10-01,16:57:27,Dinner,TP,"[('Salmon', 9), ('Fish&Chips', 4)]",509.0,-37.8075011,144.9552904,0,9.173,13.6115952
ORDB10531,2021-05-29,12:54:05,Lunch,TP,"[('Burger', 7), ('Chicken', 6)]",409.0,-37.8203466,144.9690838,0,7.391,12.5162914
ORDB05776,2021-02-09,09:10:59,Breakfast,TP,"[('Cereal', 2), ('Eggs', 9)]",229.0,-37.8204275,144.9910395,0,9.727,12.1100962
ORDZ10266,2021-03-24,10:42:15,Breakfast,,"[('Eggs', 7), ('Coffee', 4)]",169.0,-37.8106324,144.9452414,0,9.117,
ORDB06278,2021-08-11,15:16:03,Lunch,TP,"[('Steak', 3), ('Chicken', 10), ('Burger', 5), ('Salad', 7)]",730.4,-37.8020696,144.9843449,0,10.5,13.1889503
ORDZ03687,2021-10-01,16:57:27,Dinner,NS,"[('Salmon', 9), ('Shrimp', 3)]",531.0,-37.807628,144.954003,0,8.381,
ORDC06725,2021-10-14,17:27:53,Dinner,NS,"[('Pasta', 9), ('Shrimp', 6)]",571.5,-37.8092777,144.9291463,0,9.475,15.3630923
ORDZ05588,2021-05-23,12:43:56,Lunch,,"[('Fries', 8), ('Burger', 4), ('Salad', 4), ('Chicken', 1), ('Steak', 3)]",455.8,-37.8136538,144.9306027,0,10.095,
ORDC07771,2021-03-15,10:21:58,Breakfast,,"[('Pancake', 10), ('Coffee', 10), ('Eggs', 10)]",487.5,-37.8074899,144.9786297,0,7.445,
ORDA03931,2021-04-26,11:43:05,Breakfast,BK,"[('Eggs', 10), ('Cereal', 4), ('Coffee', 5), ('Pancake', 1)]",339.75,-37.8052075,144.9302313,0,10.545,15.365015
ORDX05389,2021-04-18,11:32:57,Breakfast,BK,"[('Coffee', 2), ('Cereal', 10), ('Pancake', 4)]",300.0,-37.8231925,144.988235,0,6.332,13.6781571
ORDJ06024,2021-10-30,17:58:18,Dinner,TP,"[('Shrimp', 3), ('Pasta', 3), ('Salmon', 2)]",326.5,-37.8070107,144.9490826,0,9.633,15.1478136
ORDJ05047,2021-10-23,17:48:10,Dinner,TP,"[('Shrimp', 3), ('Pasta', 2)]",217.0,-37.8180866,144.9905285,0,9.788,15.4463203
ORDC08238,2021-07-18,14:35:29,Lunch,NS,"[('Steak', 9), ('Burger', 10), ('Chicken', 2), ('Salad', 4)]",847.8,-37.8169127,145.0087607,0,10.731,18.0553508
ORDZ09870,2021-05-20,12:33:48,Lunch,NS,"[('Chicken', 2), ('Fries', 9), ('Burger', 8), ('Salad', 7), ('Steak', 1)]",585.4,-37.8118829,144.9369457,0,10.165,
ORDK04614,2021-08-02,15:05:54,Lunch,BK,"[('Steak', 6), ('Chicken', 3), ('Fries', 10), ('Burger', 5), ('Salad', 9)]",795.8,-37.8099942,144.9761225,0,6.569,12.1705194
ORDC03846,2021-11-28,18:59:09,Dinner,NS,"[('Shrimp', 6), ('Pasta', 9)]",571.5,-37.8034921,145.0195903,0,11.31,19.4929848
ORDA05669,2021-07-22,14:35:29,Lunch,,"[('Salad', 1), ('Burger', 7), ('Chicken', 7), ('Fries', 3)]",494.2,-37.8174025,145.0044285,0,4.333,
ORDA00630,2021-06-13,13:24:30,Lunch,BK,"[('Steak', 7), ('Salad', 3)]",366.6,-37.8247896,144.982697,0,7.011,15.9575789
ORDZ03785,2021-03-26,10:42:15,Breakfast,NS,"[('Cereal', 1), ('Pancake', 3), ('Eggs', 7), ('Coffee', 5)]",261.25,-37.819939,145.0082593,0,10.908,16.318203
ORDB10514,2021-08-04,15:05:54,Lunch,TP,"[('Fries', 2), ('Chicken', 7)]",248.0,-37.8034374,144.9526287,0,9.747,12.9068123
ORDA02328,2021-05-13,12:23:39,Lunch,BK,"[('Burger', 1), ('Salad', 10), ('Chicken', 9), ('Fries', 8), ('Steak', 1)]",632.0,-37.8188045,144.9658251,0,7.743,13.6010221
ORDY08418,2021-09-13,16:27:02,Dinner,TP,"[('Shrimp', 5), ('Fish&Chips', 1)]",305.0,-37.8019359,144.9708643,0,9.845,14.005292
ORDY02758,2021-12-13,19:29:34,Dinner,TP,"[('Fish&Chips', 8), ('Pasta', 10)]",555.0,-37.8098938,144.9665963,0,8.755,13.0473518
ORDJ01855,2021-05-09,12:13:31,Lunch,TP,"[('Salad', 9), ('Chicken', 1)]",186.8,-37.8239191,144.9562884,0,7.988,12.6395194
ORDJ10111,2021-02-26,09:51:32,Breakfast,TP,"[('Pancake', 7), ('Cereal', 6), ('Eggs', 7), ('Coffee', 7)]",461.25,-37.8186183,144.9670084,0,7.57,10.599278
ORDX03150,2021-11-03,18:08:27,Dinner,BK,"[('Fish&Chips', 4), ('Salmon', 4), ('Shrimp', 9)]",790.0,-37.8085721,144.9476819,0,9.005,
ORDY06589,2021-10-21,17:38:01,Dinner,TP,"[('Fish&Chips', 6), ('Salmon', 10), ('Pasta', 9)]",867.5,-37.810388,144.9990886,0,10.961,14.2669366
ORDA08664,2021-07-08,14:15:12,Lunch,BK,"[('Steak', 7), ('Burger', 2), ('Fries', 2), ('Salad', 4), ('Chicken', 4)]",597.8,-37.8134973,144.937773,0,10.254,16.7198909
ORDJ01117,2021-09-04,16:06:45,Dinner,TP,"[('Fish&Chips', 4), ('Shrimp', 3), ('Pasta', 2)]",357.0,-37.8036321,144.9787692,0,10.191,15.4896985
ORDX03231,2021-01-01,08:00:00,Breakfast,BK,"[('Cereal', 5), ('Coffee', 3), ('Eggs', 2)]",158.5,-37.8166075,144.9587571,1,8.222,6.484096
ORDK10682,2021-08-22,15:46:28,Lunch,BK,"[('Steak', 4), ('Salad', 8)]",317.6,-37.8179039,144.964787,0,7.786,15.881692
ORDK05444,2021-12-23,19:49:51,Dinner,BK,"[('Fish&Chips', 3), ('Shrimp', 6)]",429.0,-37.8084971,144.9580406,0,7.923,14.7847972
ORDB02525,2021-03-16,10:21:58,Breakfast,TP,"[('Cereal', 9), ('Pancake', 8)]",358.0,-37.8025845,144.9650523,0,9.544,12.2801938
ORDJ05300,2021-01-12,08:20:16,Breakfast,TP,"[('Cereal', 6), ('Coffee', 9), ('Pancake', 2), ('Eggs', 8)]",382.0,-37.823757,144.9475243,1,8.738,5.6261683
ORDX02037,2021-07-11,14:15:12,Lunch,BK,"[('Fries', 5), ('Burger', 4), ('Steak', 5), ('Chicken', 10), ('Salad', 9)]",883.8,-37.8135849,144.964259,0,7.676,16.3093245
ORDC06629,2021-05-02,11:53:14,Breakfast,,"[('Pancake', 8), ('Coffee', 9), ('Cereal', 5), ('Eggs', 9)]",516.5,-37.8083751,144.9288036,0,10.613,
ORDA07426,2021-09-29,16:57:27,Dinner,BK,"[('Shrimp', 7), ('Salmon', 2)]",460.0,-37.8084681,144.947842,0,8.986,16.1729073
ORDB07741,2021-01-16,08:30:25,Breakfast,TP,"[('Pancake', 9), ('Cereal', 3)]",260.25,-37.7996238,144.9450559,1,10.65,7.0357665
ORDX08800,2021-02-12,09:21:07,Breakfast,BK,"[('Pancake', 9), ('Eggs', 9), ('Coffee', 3)]",405.75,-37.8241548,144.9439123,0,9.863,14.9101795
ORDZ01413,2021-10-05,17:07:36,Dinner,NS,"[('Pasta', 10), ('Salmon', 10)]",685.0,-37.8019936,144.9443023,0,8.698,14.6185428
ORDZ08998,2021-02-15,09:21:07,Breakfast,NS,"[('Coffee', 5), ('Eggs', 7), ('Pancake', 4), ('Cereal', 4)]",343.5,-37.8255236,144.9886093,0,9.741,14.6970095
ORDJ02703,2021-10-30,17:58:18,Dinner,TP,"[('Pasta', 4), ('Shrimp', 8), ('Fish&Chips', 6)]",752.0,-37.8070107,144.9490826,0,9.633,15.3498739
ORDY01550,2021-07-08,14:15:12,Lunch,TP,"[('Salad', 4), ('Chicken', 1), ('Burger', 5), ('Fries', 1)]",267.8,-37.8122826,144.9384914,0,10.868,13.9786302
ORDX03247,2021-10-25,17:48:10,Dinner,BK,"[('Fish&Chips', 6), ('Salmon', 7), ('Pasta', 8)]",717.0,-37.8123177,144.9622963,0,7.666,14.2193244
ORDI00415,2021-10-07,17:17:44,Dinner,NS,"[('Fish&Chips', 5), ('Shrimp', 4)]",391.0,-37.8191206,144.9597134,0,8.903,14.8801348
